回答ID, 企画ID, 団体名, 主体としているキャンパス, 団体の区分, 活動内容, 活動日, 活動場所, 部員数, 部費, ひとこと, キャッチコピー, 年間日程
1001, 2001, 野田キャンパス写真クラブ「Lumière」, 野田, 文化系, デジタル・フィルム問わず写真撮影。定期撮影会、暗室体験、学内展示会開催。, 月2回 土曜午後 + 不定期撮影旅行, 関東近郊、部室棟W203、オンライン講評会, 42名（男子25名、女子17名）, 5000円/年, 初心者大歓迎！スマホでもOK！撮りたい気持ちがあれば大丈夫。一緒に「エモい」瞬間を探しに行きませんか？, 光と影で、世界を描く。, 4月:新歓撮影会(公園) 5月:機材相談会 7月:前期作品発表会 8月:夏合宿(泊まり込み撮影) 10月:合同写真展 11月:理大祭展示 2月:暗室体験ウィーク 3月:卒業記念撮影
1002, 2002, プログラミング研究会「AlgoEngine」, 野田, 文化系, 競技プログラミングの勉強会、Webサービス開発、ゲーム制作。初心者向けワークショップも。, 毎週火曜 18:00-20:00 + もくもく会(不定期), 講義棟 K502、オンライン(Discord), 55名（男子48名、女子7名）, 3000円/年, コード書きたい人、集まれ！経験不問。作りたいものがある人も、これから学ぶ人も、一緒にスキルアップしましょう。アイデアを形にする楽しさを体験！, 思考をコードに、未来を実装！, 4月:新歓LT＆交流会 5月:Python基礎/Web入門講座 7月:学内ミニハッカソン 9月:夏合宿(開発集中) 11月:理大祭(自作ゲーム展示/技術デモ) 12月:年末成果発表会 2月:競技プログラミング大会参加(有志)
1003, 2003, バドミントンサークル「シャトルウィングス」, 野田, 運動系, 基礎打ち、パターン練習、ゲーム形式。レベル別にコートを分けて活動。, 毎週水曜 18:30-21:00, 森戸記念体育館, 68名（男子38名、女子30名）, 6000円/年 (シャトル代含む), 経験者も初心者も大歓迎！楽しく汗を流したい人、運動不足を解消したい人、ぜひ一度体育館へ！ラケット貸し出しあります！, スマッシュで、ストレス解消！, 4月:新歓体験練習会 5月:新歓BBQ 7月:前期学内ランキング戦 8月:夏合宿(練習&レク) 10月:他大学交流戦(予定) 11月:理大祭(体験コーナー) 12月:クリスマス混合ダブルス大会 3月:追いコン
1004, 2004, キャンパス菜園部「Green Fingers」, 野田, 文化系, 大学内の畑スペースで季節の野菜やハーブを栽培。収穫祭、堆肥作り、地域への野菜配布も。, 週1回程度の水やり当番 + 月2回 土曜午前 共同作業, キャンパス内指定畑、部室棟E108, 35名（男子15名、女子20名）, 2000円/年 (種・苗・肥料代), 土いじり好き集まれ！野菜作り、ハーブ栽培に興味がある方、一緒に育てて収穫する喜びを味わいませんか？初心者でも丁寧に教えます。, 育てよう、食べよう、分かち合おう。, 4月:春夏野菜の植え付け 5月:ハーブ苗植え、土壌改良 7月:夏野菜大収穫祭＆試食会 9月:秋冬野菜の準備、種まき 10月:サツマイモ掘り 11月:理大祭(収穫物販売、活動紹介) 12月:冬野菜鍋パーティー 3月:畑の整備、堆肥作り
1005, 2005, 映画同好会「スクリーン・ジャンキーズ」, ３キャンパス合同, 文化系, 月1回のテーマ別オンライン上映会＆ディスカッション。長期休暇には名画座巡りやミニ映画祭企画も。, 月1回 金曜夜 (オンライン) + 不定期対面イベント, オンライン(Discord),  各キャンパス講義棟, 45名（男子28名、女子17名）, 基本0円 (イベント実費), 映画が好きなら誰でもOK！語りたい人、新しい発見をしたい人、一緒に映画の世界に浸りましょう。オンライン中心で気軽に参加できます。, あなたの人生を変える一本に、出会うかも。, 毎月オンライン上映会 / 4月:新歓・自己紹介＆推し映画プレゼン 6月:ジャンル別特集上映 8月:夏休み名画座巡り(有志) 10月:ホラー/SF特集 11月:理大祭期間中 特別企画検討 12月:年末オールナイト上映会(オンライン) 3月:自主制作ショートフィルム発表会(希望者)
1006, 2006, ボルダリングサークル「Gravity Shift」, 野田, 運動系, 週1回ジムでのトレーニング。レベル別課題挑戦、ムーブ研究。長期休暇には外岩遠征も企画。, 毎週金曜 19:00～ (ジム集合) + 不定期土日, 流山・柏周辺のボルダリングジム、関東近郊の岩場, 28名（男子20名、女子8名）, ジム利用料各自 + 年会費2000円, 初心者・経験者問わず歓迎！体一つで壁に挑む達成感を味わおう！全身運動でシェイプアップにも。必要なのは動きやすい服と好奇心！, 壁を越えろ、自分を越えろ！, 4月:初心者体験クライミング会 5月:新歓懇親会 7月:ボルダリングコンペ(ジム内) 8月:夏合宿(外岩 or ジム) 10月:テクニック講習会 11月:理大祭(紹介ブース) 12月:年末クライムセッション 3月:春の外岩ツアー
1007, 2007, 国際交流クラブ「Global Connect」, ３キャンパス合同, 文化系, 留学生との交流イベント（料理会、ゲーム大会、観光案内）、語学カフェ、異文化理解セミナー。, 月2回程度 イベント企画・実施 + 週1回 語学カフェ(オンライン/対面選択), オンライン、各キャンパスラウンジ、地域施設, 70名（日本人学生45名、留学生25名）, 1000円/年, 世界と繋がりたい人、語学力を活かしたい人、異文化に触れたい人、大歓迎！企画から運営まで、一緒にグローバルな活動を楽しみましょう！, キャンパスから世界へ、扉を開こう！, 4月:ウェルカムパーティー 5月:各国料理を楽しむ会 6月:英語/日本語ランゲージ・エクスチェンジ 7月:浴衣で七夕祭り 9月:都内観光ツアー企画 10月:ハロウィン交流会 11月:理大祭(ワールドカフェ出店) 12月:インターナショナル・クリスマス会 2月:ボードゲーム大会 3月:学期末フェアウェル
1008, 2008, アカペラサークル「Voice Weavers」, 野田, 音楽系, 複数のアカペラバンドを結成し、学内外でライブ活動。ボイスパーカッション練習会も。, 全体練習:毎週木曜 18:00～ + 各バンド週1回練習, 講義棟、音楽練習室、トレーニング棟, 60名（男子35名、女子25名）, 7000円/年, 歌が好きなら誰でもOK！楽器不要、体一つで音楽を奏でよう。初心者でも先輩がしっかりサポート。ハモる楽しさ、一緒に体験しませんか？, 声で繋がる、ハーモニーの輪。, 4月:新歓ミニライブ＆体験会 5月:パート決め＆バンド結成会 7月:七夕ライブ 8月:夏合宿(集中練習＆レク) 10月:オータムライブ 11月:理大祭ステージ発表 12月:クリスマスライブ 2月:他大学交流ライブ 3月:卒業ライブ
1009, 2009, 謎解き制作集団「Enigma Lab」, 野田, 文化系, オリジナル謎解きゲームの企画・制作・運営。学内イベント実施、外部公演への参加や分析も。, 週1回ミーティング(木曜夜) + 制作期間は随時, 講義棟 K405、オンライン, 25名（男子16名、女子9名）, 1500円/年 + 公演参加費は各自, 「解く」から「創る」へ！物語作り、謎作り、デザイン、演出に興味ある人募集！あなたのアイデアで、参加者をアッと言わせる体験を創り出そう！, 最高の「ひらめき」を、デザインする。, 4月:新歓謎解き＆制作体験 5月:ストーリー/謎制作ワークショップ 7月:学内ミニ周遊謎① 9月:謎解き合宿(制作集中) 11月:理大祭大型謎解き企画 1月:学内ミニ周遊謎② 3月:年間活動報告＆新作発表会
1010, 2010, 野外料理クラブ「Blue Sky Kitchen」, 野田, 運動系, 月1回のデイキャンプやBBQ。ダッチオーブン、燻製、飯盒炊爨など、様々なアウトドア料理に挑戦。, 月1回 土日どちらか + 長期休暇に1泊キャンプ, 近郊キャンプ場、河川敷、公園BBQエリア, 40名（男子22名、女子18名）, イベント毎実費(2000-4000円程度), 自然の中で食べるご飯は最高！料理スキル不問。メニュー考案から火起こしまで、みんなで協力して楽しみます。アウトドア好き、食べるの好き、集まれ！, 空と緑と、うまいメシ！, 4月:新歓お花見BBQ 5月:ダッチオーブンでパン作り 6月:燻製チャレンジ 7月:川遊び＆流しそうめん 8月:夏キャンプ(1泊2日) 10月:秋の味覚BBQ＆焼き芋 11月:理大祭(アウトドア飯販売検討) 12月:焚き火料理＆クリスマス会 3月:春のハイキング＆山ごはん
1011, 2011, アナログゲーム研究会「Tabletop Tribe」, 野田, 文化系, ボードゲーム、カードゲーム、TRPGなどをプレイ。ゲーム会開催、ゲーム分析、オリジナルゲーム制作(有志)。, 毎週金曜 18:00～, 講義棟 K603、部室棟, 50名（男子38名、女子12名）, 1000円/年 (新規ゲーム購入費など), ボドゲ、カードゲーム好き集まれ！初心者も経験者も歓迎。軽いゲームから重ゲーまで幅広く。コミュニケーションツールとしても最高！一緒に卓を囲みませんか？, サイコロ振れば、仲間ができる。, 4月:新歓ゲーム体験会 5月:ジャンル別ゲーム紹介会 7月:前期お気に入りゲーム大会 8月:夏合宿(ゲーム漬け) 9月:TRPGセッション体験会 11月:理大祭(フリープレイコーナー) 12月:年末ゲーム大会＆持ち寄り会 2月:オリジナルゲーム試遊会(有志)
1012, 2012, ストリートダンスサークル「Beat Jammers」, 野田, 運動系, HipHop,  Locking,  Pop,  Houseなど様々なジャンルの練習。イベント出演、学内発表会開催。, 週2回 (火曜・土曜) 18:00～, 部室棟前広場、トレーニング棟、外部スタジオ(不定期), 65名（男子30名、女子35名）, 8000円/年 + イベント出演費別途, 初心者大歓迎！経験者ももちろんOK！基礎から丁寧に教えます。音楽に合わせて体を動かす楽しさを知ってほしい！ショーケースを一緒に作り上げよう！, 踊り出せ、本能のままに！, 4月:新歓体験レッスン＆ショーケース 5月:ジャンル別体験会 7月:前期成果発表会(学内) 9月:夏合宿(集中練習＆振り作り) 10月:地域イベント出演(予定) 11月:理大祭ステージ 12月:クリスマスダンスバトル 3月:引退公演
1013, 2013, 鉄道ファンクラブ「RailNavi」, 野田, 文化系, 鉄道模型(Nゲージ)の運転会、ジオラマ制作、鉄道写真撮影会、乗り鉄・撮り鉄旅行企画。, 月1回 土曜 部会 + 不定期 撮影会・旅行, 部室棟N205(模型部屋)、講義棟、各地の鉄道路線, 30名（男子28名、女子2名）, 6000円/年 (模型維持費、部室代), 鉄道好き集まれ！模型、写真、乗り、時刻表…どんなジャンルでもOK。知識や経験は問いません。マニアックな話から旅行計画まで、一緒に鉄道の世界を探求しよう！, 線路は続くよ、どこまでも！, 4月:新歓Nゲージ運転会 5月:撮影会(近郊私鉄) 7月:前期活動報告会 8月:夏合宿(乗り鉄・撮り鉄旅行) 10月:ジオラマ制作ワークショップ 11月:理大祭(Nゲージ展示・運転体験) 12月:年末模型運転会 2月:鉄道博物館見学(有志) 3月:春の旅行企画
1014, 2014, 演劇ユニット「Stage Canvas」, 野田, 演技系, 年2-3回の演劇公演に向けた稽古。発声、身体表現、脚本読解、舞台美術・音響・照明の制作も。, 週2-3回 平日放課後 (公演前は増加), 講義棟、トレーニング棟、小ホール, 20名（男子8名、女子12名）, 3000円/年 + 公演費別途(役者/スタッフで変動), 役者希望も裏方希望も大歓迎！未経験者OK。一つの舞台を全員で創り上げる達成感を味わいませんか？表現することが好きな人、モノづくりが好きな人、待ってます！, スポットライトの下で、最高の瞬間を。, 4月:新歓ワークショップ＆説明会 5月:基礎稽古開始 7月:夏公演 8月:公演反省会＆次回作企画 10月:秋(理大祭)公演稽古開始 11月:理大祭公演 12月:新人公演企画 2月:春公演稽古開始 3月:春公演
1015, 2015, 合唱団「Cantabile」, 野田, 音楽系, 混声合唱の練習。学内演奏会、地域の合唱祭への参加。ポップスからクラシックまで幅広く。, 毎週月曜・金曜 18:00～, 音楽練習室、講義棟, 38名（男子15名、女子23名）, 5000円/年 (楽譜代など), 歌うことが好きな人、ハーモニーを楽しみたい人、集まれ！楽譜が読めなくても大丈夫。経験豊かな指揮者が指導します。一緒に美しい歌声を響かせましょう！, 心を一つに、歌声を届けよう。, 4月:新歓ミニコンサート＆体験練習 5月:新歓合宿 7月:サマーコンサート 9月:集中練習期間 10月:地域合唱祭参加 11月:理大祭ステージ 12月:クリスマスコンサート 3月:定期演奏会
1016, 2016, ボランティアネットワーク「Link Up」, ３キャンパス合同, 文化系, 地域の児童館での学習支援、イベント手伝い、清掃活動、献血呼びかけ、災害支援募金活動など。, 月1-2回の定例会 + 活動ごとに参加者を募集, オンライン、各キャンパス、活動場所(地域施設など), 50名（男子25名、女子25名）, 0円 (交通費などは自己負担の場合あり), 「何か人の役に立ちたい」その気持ちがあればOK！様々なボランティア活動に参加できます。無理なく、できる範囲で。新しい出会いや学びがたくさんあります。, 小さな行動が、大きな変化を生む。, 毎月 定例会 / 4月:新歓説明会＆活動紹介 5月:地域清掃活動参加 6月:児童館イベント補助 7月:献血推進キャンペーン 8月:夏休み学習支援ボランティア 10月:地域交流イベント手伝い 11月:理大祭(活動紹介・募金) 12月:福祉施設訪問(企画中) 2月:防災啓発イベント参加 3月:年度活動報告会
1017, 2017, 書道サークル「墨流会」, 野田, 文化系, 古典臨書、創作書道、篆刻、水墨画など。学内展示や文化祭での作品発表、パフォーマンス書道も。, 週1回 木曜 18:00～ (自由参加), 講義棟 K301 (書道教室), 22名（男子10名、女子12名）, 3000円/年 (紙・墨代補助), 初心者大歓迎！経験者ももちろんOK。筆を持つのが初めてでも大丈夫。道具は部室にあります。静かな空間で、自分と向き合う時間を作りませんか？, 一筆に、想いを込めて。, 4月:新歓体験入部 5月:基礎練習、道具説明会 7月:前期作品持ち寄り会 8月:夏合宿(集中制作) 10月:学内ミニ展示会 11月:理大祭(作品展示＆書道パフォーマンス) 12月:書き初め会 2月:篆刻体験 3月:卒業制作展
1018, 2018, 天文観測同好会「Cosmic Gazers」, 野田, 文化系, 月1回の観望会（大学or近郊）、天体写真撮影、プラネタリウム訪問、宇宙に関する勉強会・発表会。, 月1回 観望会(週末夜) + 月1回 勉強会(平日夜), 薬学部棟屋上(許可時)、近郊観測地、講義棟, 33名（男子23名、女子10名）, 2000円/年 (機材維持費など), 星や宇宙が好きな人、集まれ！知識ゼロでも大丈夫。望遠鏡の使い方から教えます。肉眼で見える星空から、望遠鏡で見る宇宙の神秘まで、一緒に感動を分かち合いましょう！, 無限の宇宙へ、好奇心の旅。, 4月:新歓観望会＆説明会 5月:天体望遠鏡操作講習会 7月:夏の星座勉強会 8月:ペルセウス座流星群観望会(合宿形式) 9月:プラネタリウム鑑賞会 10月:秋の観望会(月・惑星) 11月:理大祭(天体写真展示・観望会) 12月:ふたご座流星群観望会 1月:冬の星座勉強会 3月:春の観望会
1019, 2019, DIY・ものづくり工房「Craft Lab」, 野田, 文化系, 木工、電子工作、レザークラフト、3Dプリンター造形など、部員の興味に合わせて様々な「ものづくり」を楽しむ。, 週1回 活動日(水曜放課後) + 自主制作は随時, 部室棟W106 (工房スペース), 26名（男子19名、女子7名）, 4000円/年 (材料費・工具維持費), 作るのが好きな人、何か新しいことを始めたい人歓迎！初心者でもOK。工具の使い方から教えます。アイデアを形にする楽しさを一緒に味わいましょう！, アイデアを、手の中に。, 4月:新歓・工房見学＆体験会 5月:工具安全講習会 6月:木工基礎ワークショップ 7月:前期成果発表会 8月:夏休み集中制作期間 10月:電子工作入門 11月:理大祭(作品展示＆ワークショップ) 12月:レザークラフト小物作り 2月:3Dプリンター活用講座 3月:自由制作発表会
1020, 2020, 競技かるたサークル「あさぎりの会」, ３キャンパス合同, 文化系, 競技かるたの練習（試合形式、決まり字暗記など）。大会参加（希望者）、初心者向け講習会。, 週2回 (水曜・土曜) 練習会, 野田:研修センター和室 / 神楽坂:体育館柔道場(交代利用), 35名（男子15名、女子20名）, 4000円/年, 「ちはやふる」で興味を持った人、百人一首が好きな人、大歓迎！経験者も初心者も在籍。札の払い方から教えます。畳の上で熱い一瞬を！, 一瞬に懸ける、情熱。, 4月:新歓体験会＆デモンストレーション 5月:初心者講習会開始 7月:学内交流戦 8月:夏合宿(集中練習) 9月:大会参加(有志) 11月:理大祭(体験会・展示) 12月:年末かるた大会 2月:他大学交流練習会 3月:春合宿
1021, 2021, グルメ探求部「食べログ部」, 野田, 文化系, 柏・松戸・流山周辺の美味しいお店を開拓！ラーメン、カフェ、定食屋などジャンル問わず。月1食べ歩き会。, 月1回 土曜ランチ or ディナー + 不定期で遠征企画, 柏、松戸、流山、その他周辺地域のお店, 48名（男子28名、女子20名）, 食べ歩き実費のみ, 美味しいもの食べるのが好きな人、新しいお店を開拓したい人、集まれ！特別な活動はなし、ただひたすら美味しいものを求めて食べ歩きます。情報交換も活発！, 胃袋で繋がる、至福の探求。, 毎月テーマを決めて食べ歩き / 4月:新歓・柏駅周辺ランチ巡り 5月:松戸ラーメン街道攻略 6月:流山カフェ巡り 7月:夏だ！カレーだ！特集 8月:ちょっと遠征？(企画中) 10月:学食調査＆レポート 11月:理大祭周辺グルメマップ作成 12月:忘年会グルメツアー 2月:安くて旨い！B級グルメ探訪 3月:卒業記念・思い出の味巡り
1022, 2022, TRPGセッション会「Dice Rollers」, 野田, 文化系, TRPG(テーブルトークRPG)のセッションを定期的に開催。クトゥルフ、D&D、ソードワールドなどシステムは様々。, 週1-2回 平日夜 or 週末 (PL/GM募集形式), 講義棟 K403、オンライン(Discord/ココフォリア等), 36名（男子29名、女子7名）, 500円/年 (共有資料代など), 物語を創りたい人、キャラクターになりきりたい人、サイコロ振りたい人！初心者大歓迎。ルールブックなくても最初はOK。先輩GMが優しく導きます。一緒に冒険に出よう！, 君だけの物語が、ここにある。, 毎週 PL/GM募集でセッション開催 / 4月:新歓TRPG体験会(初心者向けシステム) 5月:システム紹介＆キャラ作成会 7月:短編シナリオ祭り 8月:夏休み集中セッション期間 10月:ハロウィン特別セッション 11月:理大祭(TRPG紹介＆体験卓) 12月:年末長編キャンペーン企画 2月:自作シナリオ発表会(有志)
1023, 2023, サイクリング同好会「Wind Pedal」, 野田, 運動系, 週末に関東近郊へのサイクリング。初心者向けポタリングから経験者向けロングライドまで。輪行も活用。, 月2-3回 土日どちらか + 長期休暇に遠征・合宿, 関東近郊のサイクリングロード、峠、観光地, 45名（男子35名、女子10名）, 2000円/年 (保険料、共有工具代) + 交通費・食費実費, 自転車好き集まれ！クロスバイクでもロードバイクでもOK。体力に合わせてコースを選べます。安全第一で、景色と風を楽しみましょう！メンテナンス講習会も。, ペダルを漕いで、まだ見ぬ景色へ。, 4月:新歓・江戸川サイクリングロードポタリング 5月:手賀沼一周ライド 6月:輪行で行く！鎌倉・江ノ島サイクリング 7月:グルメライド(目的地で美味しいもの！) 8月:夏合宿(長野or伊豆方面予定) 10月:紅葉ライド(筑波山or奥多摩) 11月:理大祭(活動紹介) 12月:走り納め＆忘年会ライド 2月:メンテナンス講習会 3月:春の房総半島ロングライド
1024, 2024, 軽音楽サークル「Sound Scape」, 野田, 音楽系, バンド結成、コピー・オリジナル曲練習。月1程度のライブハウスでのライブ、学内イベント出演。, バンド毎に週1-2回練習 + 月1ライブ(週末), 柏・松戸周辺の音楽スタジオ、ライブハウス、講義棟, 90名（男子60名、女子30名）, 入部費3000円 + 半期2000円 (スタジオ代補助等), 初心者・経験者不問！楽器やりたい人、歌いたい人、バンド組みたい人、大歓迎！ギター、ベース、ドラム、キーボード、ボーカル募集中！機材なくても相談乗ります！, 音で繋がる、最高の瞬間を！, 4月:新歓ライブ＆楽器体験会 5月:バンド結成会、楽器購入相談会 6月:新人ライブ 7月:夏ライブ 8月:夏合宿(練習＆BBQ) 9月:コピーバンド大会 10月:秋ライブ 11月:理大祭ライブ(複数ステージ) 12月:クリスマスライブ 2月:オリジナル曲発表ライブ 3月:卒業ライブ＆追いコン
1025, 2025, 美術部「Atelier Noda」, 野田, 文化系, 油絵、水彩、アクリル、デッサン、イラスト、立体造形など、ジャンル問わず自由に制作活動。学内展示、スケッチ会。, 週1回 活動日(木曜放課後) + 個人制作は随時, 美術室(専用部室)、講義棟、屋外(スケッチ), 28名（男子12名、女子16名）, 4000円/年 (画材共同購入、展示費用), 絵を描くのが好きな人、ものを作るのが好きな人、初心者も経験者も歓迎。自分のペースで制作できます。画材の相談もOK。一緒にアートな時間を過ごしませんか？, キャンバスに、自由を描こう。, 4月:新歓・アトリエ開放＆体験制作 5月:デッサン基礎講習会 6月:野外スケッチ会(理窓公園) 7月:前期作品講評会 8月:夏休み集中制作期間 10月:美術館見学ツアー(有志) 11月:理大祭作品展 12月:合同制作企画 2月:技法別ワークショップ(油絵/水彩など) 3月:学年末作品展
1026, 2026, フットサルクラブ「Futsal Vibes」, 野田, 運動系, 週1回、男女ミックスでゲーム中心のフットサル。基礎練習も少し。学内大会や地域リーグ参加(有志)。, 毎週月曜 19:00-21:00, 野田市総合公園体育館 or Cieloフットボールパーク柏, 58名（男子40名、女子18名）, 7000円/年 (体育館/コート代), 楽しくボール蹴りたい人、集まれ！サッカー・フットサル経験不問。女性も初心者も活躍中！運動不足解消にもぴったり。まずは体験参加から！, エンジョイ！フットサル！, 4月:新歓体験フットサル 5月:新歓BBQ 6月:学内フットサル大会 8月:夏合宿(フットサル＆レク) 10月:他大学交流試合(予定) 11月:理大祭(ミニゲームコーナー) 12月:蹴り納め＆忘年会 2月:初心者向けクリニック 3月:春の学内リーグ戦
1027, 2027, 将棋部「王将会」, 野田, 文化系, 部員同士の対局、棋譜研究、詰将棋。オンライン対局も。学生将棋大会への参加。, 週2回 (火曜・金曜) 18:00～, 講義棟 K609, 32名（男子30名、女子2名）, 1000円/年 (大会参加費補助など), 将棋が好きなら誰でも歓迎！初心者には駒の動かし方から教えます。強くなりたい人も、楽しく指したい人も。気軽に部室を覗いてみてください。, 盤上の宇宙へ、いざ対局！, 4月:新歓・初心者体験＆指導対局 5月:部内リーグ戦開始 7月:前期部内トーナメント 8月:夏合宿(将棋三昧) 9月:関東学生将棋大会参加(有志) 11月:理大祭(自由対局コーナー、プロ棋士指導対局企画検討) 12月:年末電王戦観戦会 2月:詰将棋解答選手権(部内) 3月:OB交流戦
1028, 2028, 野鳥観察サークル「Wing Watchers」, 野田, 文化系, 理窓公園や近隣の公園、河川敷での野鳥観察会。図鑑を使った同定練習、記録作成。, 月2回程度 土日午前 (観察会) + 不定期 勉強会, 理窓公園、江戸川河川敷、手賀沼、講義棟, 19名（男子11名、女子8名）, 1000円/年 (共有双眼鏡維持費など), 自然が好き、鳥が好き、散歩が好きな人歓迎！特別な知識や機材は不要です。双眼鏡貸し出しあり。身近な自然の中にいる可愛い鳥たちを一緒に見つけませんか？, 身近な自然に、小さな発見を。, 4月:新歓・理窓公園お散歩観察会 5月:春の渡り鳥観察(手賀沼) 6月:鳥の鳴き声聞き分け講座 7月:夏の水辺の鳥観察(江戸川) 8月:探鳥記録まとめ会 10月:秋の渡り鳥観察 11月:理大祭(写真・活動紹介展示) 12月:冬鳥観察会＆忘年会 2月:猛禽類を探そう(利根川) 3月:春のさえずり観察会
1029, 2029, 料理サークル「Gourmet Studio」, 野田, 文化系, 月1-2回、テーマを決めて料理実習。和食、洋食、中華、お菓子作りなど。作った料理は皆で試食。, 月1-2回 週末午後, 野田市内調理室のある公民館、大学家庭科室(許可時), 44名（男子18名、女子26名）, 毎回1000-1500円程度の材料費実費, 料理好き、食べるの好き、集まれ！初心者でも大丈夫。レシピを見ながら皆でワイワイ作ります。レパートリーを増やしたい人、料理仲間が欲しい人にも！, 作って楽しい、食べて美味しい！, 4月:新歓・簡単お菓子作り体験 5月:基本の和食(だし巻き卵・味噌汁) 6月:パスタ＆ピザ作り 7月:夏野菜たっぷりメニュー 8月:夏休みスペシャル(流しそうめんorBBQ) 10月:ハロウィンかぼちゃ料理 11月:理大祭(手作りお菓子販売検討) 12月:クリスマスケーキ作り 2月:バレンタインスイーツ 3月:世界の料理シリーズ(企画中)
1030, 2030, 競技ダンス部「Shall We Dance?」, 野田, 運動系, 社交ダンス(スタンダード＆ラテン)の練習。基礎ステップ、ルーティン練習。学連主催の大会出場。, 週3回 (月・水・土) 練習, 森戸記念体育館、外部ダンススタジオ, 25名（男子13名、女子12名）, 10000円/年 + ドレス・シューズ代別途, 新しい自分に出会えるかも！初心者大歓迎。ほとんどの部員が大学から始めています。姿勢が良くなり、表現力も身につきます。華やかな世界へ一歩踏み出しませんか？, フロアで輝け、情熱のステップ！, 4月:新歓デモンストレーション＆体験会 5月:基礎ステップ集中練習 7月:前期部内発表会 8月:夏合宿(集中練習) 9月:秋の学連競技会出場 11月:理大祭(ダンス発表) 12月:クリスマスダンスパーティー 2月:後期部内発表会 3月:春の学連競技会出場
1031, 2031, 落語研究会「笑遊亭」, 野田, 演技系, 古典落語・創作落語の稽古、発表会開催。寄席鑑賞会、落語に関する勉強会。, 週1回 稽古会(水曜放課後) + 月1回 発表会(週末), 講義棟和室、研修センター、地域の公民館, 15名（男子10名、女子5名）, 2000円/年, 落語が好き！人前で話すのが好き！面白いことが好き！な人募集。初心者大歓迎。発声から所作、噺の稽古まで丁寧に指導します。高座に上がってみませんか？, 笑う門には福来る！, 4月:新歓寄席＆説明会 5月:発声・基礎所作稽古開始 6月:初めての高座体験会 7月:前期定例発表会 8月:夏合宿(集中稽古＆寄席鑑賞) 10月:敬老会などでの慰問公演(依頼あれば) 11月:理大祭寄席 12月:年末大喜利大会 2月:新人発表会 3月:年度末謝恩寄席
1032, 2032, 手芸サークル「Needle & Thread」, 野田, 文化系, 編み物、刺繍、裁縫、アクセサリー作りなど、各自が好きな手芸を楽しむ。作品交換会、ハンドメイドマーケット出展(有志)。, 週1回 活動日(火曜放課後), 部室棟 E204, 29名（男子5名、女子24名）, 1000円/年 + 材料費は各自, 手芸好き、細かい作業が好きな人集まれ！初心者でも大丈夫。編み物からアクセサリーまで、作りたいものを自由に。教え合いながら、まったり活動しています。, 一針一針に、想いを込めて。, 4月:新歓・手芸体験ワークショップ(小物作り) 5月:編み物/刺繍 基礎講習 7月:前期作品持ち寄りお茶会 8月:夏休み自由制作期間 10月:アクセサリー作り講座 11月:理大祭(作品展示＆販売) 12月:クリスマスオーナメント作り 2月:レジンクラフト体験 3月:作品交換会
1033, 2033, マーダーミステリークラブ「Truth Seekers」, 野田, 文化系, マーダーミステリーゲームのプレイ会を定期的に開催。GM(ゲームマスター)練習会、シナリオレビュー会も。, 月2-3回 週末午後 or 平日夜 (公演形式), 講義棟、オンライン(Discord等), 30名（男子18名、女子12名）, 公演ごとに参加費徴収(500-1000円程度), 物語の登場人物になりきって、事件の真相を探る体験型推理ゲーム！初心者大歓迎。必要なのは好奇心と演技力(少し)。没入感とスリルを味わおう！, あなたは犯人か、探偵か。, 毎月 募集形式で公演開催 / 4月:新歓マーダーミステリー体験会(初心者向け) 5月:GM練習会 6月:人気シナリオ公演祭り 8月:夏休み長時間シナリオ挑戦会 10月:ハロウィンホラーミステリー特集 11月:理大祭(紹介ブース＆ミニ公演検討) 12月:年末オリジナルシナリオ発表会(有志GM) 2月:シナリオ持ち寄りレビュー会
1034, 2034, 競技プログラミング同好会「CP Hub」, 野田, 文化系, AtCoderなどのコンテスト参加、精進会(過去問解き)、アルゴリズム・データ構造勉強会。, 週1回 精進会(水曜夜) + コンテスト時は随時参加, 講義棟 K503、オンライン, 20名（男子19名、女子1名）, 0円, 競プロ強くなりたい人、一緒に頑張りましょう！レーティング不問。初心者向けの解説も行います。皆で教え合い、高め合う文化です。まずは気軽に見学を！, 目指せ、Highest Rating！, 毎週水曜 精進会 / AtCoder等のコンテストに各自・チームで参加 / 4月:新歓・競プロ紹介＆体験 5月:アルゴリズム基礎勉強会開始 7月:学内模擬コンテスト 8月:夏休み集中精進期間 11月:理大祭(活動紹介・パズル問題) 12月:年末チーム対抗戦 3月:春休み集中精進期間
1035, 2035, レトロゲーム愛好会「Pixel Nostalgia」, 野田, 文化系, ファミコン、スーファミ、メガドライブ、PCエンジン等のレトロゲームを実際にプレイ。持ち寄り会、対戦会。, 月1-2回 週末 (活動日), 部室棟 N104 (機材・ソフト多数あり), 24名（男子22名、女子2名）, 2000円/年 (機材維持費), 懐かしのドット絵、ピコピコ音…レトロゲーム最高！という人、集まれ！実機でプレイする楽しさを共有しましょう。知らないゲームとの出会いも！, あの頃の興奮を、もう一度。, 4月:新歓・名作レトロゲーム体験会 5月:ハード別特集プレイ会(FC/SFCなど) 6月:レトロ格ゲー大会 7月:シューティングゲーム攻略会 8月:夏休み徹夜ゲーム合宿(希望者) 10月:持ち寄りソフトプレイ会 11月:理大祭(試遊コーナー) 12月:年末RPGクリア耐久(企画中) 2月:マイナーゲーム発掘会 3月:ジャンル別対戦トーナメント
1036, 2036, 吹奏楽団「Wind Ensemble Lyra」, 野田, 音楽系, 定期演奏会、地域のイベント出演に向けた合奏練習。パート練習、アンサンブル練習も。, 週2回 (火曜・土曜) 合奏 + パート練習(随時), 音楽練習室、講義棟、トレーニング棟, 40名（男子18名、女子22名）, 10000円/年 + 演奏会費別途, 楽器経験者歓迎！ブランクあってもOK。中学・高校で吹奏楽やってた人、大学でも続けませんか？楽器貸し出し相談可。一緒に音楽を作り上げる喜びを！, 響け、私たちのシンフォニー！, 4月:新歓ミニコンサート＆楽器体験 5月:新入生歓迎合奏会 7月:サマーコンサート 8月:夏合宿(集中練習) 10月:地域イベント出演 11月:理大祭(ステージ演奏＆アンサンブル) 12月:クリスマスアンサンブルコンサート 3月:定期演奏会
1037, 2037, 模型サークル「Plastic World」, 野田, 文化系, ガンプラ、スケールモデル（車、飛行機、戦車）、キャラクターモデル等の製作。塗装、改造、ジオラマ制作。, 週1回 活動日(金曜放課後), 部室棟 W107 (作業スペース), 18名（男子17名、女子1名）, 3000円/年 (共用工具・塗料代), プラモデル作るのが好きな人、これから始めたい人歓迎。素組みから本格塗装、改造まで、自分のペースで楽しめます。道具や技術の情報交換も。, 手のひらサイズの、無限の世界。, 4月:新歓・制作体験会(簡単キット) 5月:工具・塗料の使い方講座 6月:ガンプラ素組みコンテスト 7月:前期完成品発表会 8月:夏休み大作チャレンジ期間 10月:エアブラシ塗装体験会 11月:理大祭(作品展示) 12月:テーマ別制作会(例:ミリタリー) 2月:ジオラマ制作入門 3月:年間MVP発表会
1038, 2038, クイズ研究会「Question Mark」, 野田, 文化系, 早押しクイズの練習（例会）、各種クイズ大会への参加、問題作成、企画運営。, 週2回 例会(月曜・木曜放課後), 講義棟 K404, 22名（男子15名、女子7名）, 1000円/年 + 大会参加費実費, クイズが好き！早押しボタン押してみたい！知識を活かしたい！そんなあなたを待ってます。初心者大歓迎。様々なジャンルの問題に触れられます。一緒に「ナナマルサンバツ」の世界へ！, 知識は力、ひらめきは翼。, 4月:新歓クイズ体験会＆説明会 5月:早押し機操作練習＆基礎問題 6月:ジャンル別クイズ大会(部内) 7月:前期実力テスト 8月:夏合宿(クイズ漬け＆企画) 9月:新人戦参加(有志) 11月:理大祭(来場者参加型クイズ企画) 12月:年末企画クイズ大会 2月:問題作成ワークショップ 3月:年間チャンピオン決定戦
1039, 2039, キャンパスラジオ「TUS Wave」, 野田, 文化系, 学内向けインターネットラジオ番組の企画・制作・配信。パーソナリティ、ミキサー、構成作家など。, 週1回 ミーティング(火曜昼休み) + 収録(不定期), 部室棟 E205 (簡易スタジオ), 16名（男子9名、女子7名）, 500円/年, ラジオが好き！話すのが好き！音楽が好き！番組作りに興味がある人、募集！機材の使い方から教えます。あなたの声を、アイデアを、電波に乗せてみませんか？, 届け、キャンパスに、私たちの声。, 4月:新歓・スタジオ見学＆体験収録 5月:番組企画会議、機材講習 6月:新入生パーソナリティデビュー 7月:前期人気番組発表 8月:夏休み特別番組制作 10月:ゲスト企画(先生や他サークル) 11月:理大祭公開収録(予定) 12月:年末特番 2月:新番組企画プレゼン大会 3月:年間放送大賞
1040, 2040, 歴史探訪サークル「Time Travelers」, 野田, 文化系, 史跡・博物館・古戦場などを巡るフィールドワーク、歴史に関する勉強会、テーマ別発表会。, 月1回 フィールドワーク(土日) + 月1回 勉強会(平日夜), 関東近郊の史跡・博物館、講義棟, 27名（男子16名、女子11名）, フィールドワーク実費のみ (交通費・入場料など), 歴史が好きなら誰でも歓迎！日本史、世界史、時代、ジャンル問わず。教科書だけではわからない現地の空気を感じに行きませんか？知的好奇心を満たす旅へ！, 過去への旅、未来への発見。, 4月:新歓・野田周辺史跡巡り 5月:鎌倉歴史散策 6月:戦国時代勉強会 7月:江戸東京博物館見学 8月:夏合宿(関西or東北方面史跡巡り予定) 10月:川越(小江戸)散策 11月:理大祭(研究発表・活動紹介) 12月:幕末史勉強会＆関連史跡訪問 2月:古墳巡り(埼玉) 3月:テーマ別自由研究発表会
1041, 2041, 東京理科大学フィルハーモニー管弦楽団, ３キャンパス合同, 音楽系, 年2回の定期演奏会を目標とした合奏練習。パート練習、室内楽活動も。, 週2回 (水曜夜、土曜終日) + 長期休暇中は集中練習あり, 各キャンパス音楽練習室、外部ホール、合宿施設, 85名（男子40名、女子45名）, 20000円/年 + 演奏会費・合宿費別途, 楽器経験者歓迎！(特に弦楽器、管楽器) クラシック音楽が好き、オーケストラで演奏したい方、一緒に感動的な音楽を創りましょう！見学いつでもどうぞ！, 音楽で繋がる、心揺さぶる響きを。, 4月:新歓演奏会＆楽器体験 5月:パート別懇親会 6月:前期定期演奏会 8月:夏合宿(集中練習) 10月:室内楽発表会 11月:理大祭ミニコンサート 12月:後期定期演奏会 2月:パートリーダー交代式 3月:春合宿、卒業演奏
1042, 2042, アルティメットサークル「Disc Flyers」, 野田, 運動系, フリスビーを使ったチームスポーツ「アルティメット」の練習。パス、キャッチ、戦術練習、練習試合。, 週2回 (火曜・金曜 18:00～), 野田キャンパスグラウンド、近隣河川敷, 45名（男子28名、女子17名）, 5000円/年, 大学から始める人がほとんど！運動神経に自信なくても大丈夫！走る・投げる・跳ぶ、全身運動で楽しい！男女ミックスで和気あいあいと活動中！, 空飛ぶディスクを追いかけろ！, 4月:新歓体験会＆BBQ 5月:基礎練習集中期間 6月:フレッシュマンズカップ(新人戦) 8月:夏合宿(ビーチアルティメットも？) 9月:学生選手権大会 11月:理大祭(デモンストレーション) 12月:クリスマス交流戦 3月:追いコン
1043, 2043, 硬式テニスサークル「Ace Breakers」, 野田, 運動系, レベル別の練習（基礎、ラリー、ゲーム形式）。学内ランキング戦、他大学との交流戦、合宿。, 週2-3回 (水曜・土曜 + 自由参加日), 野田キャンパステニスコート, 70名（男子45名、女子25名）, 8000円/年, 初心者から経験者まで、テニス好きなら誰でも大歓迎！楽しくテニスしたい人、試合で勝ちたい人、どちらも満足できる環境です！イベントも盛りだくさん！, 最高の仲間と、最高のラリーを！, 4月:新歓テニス＆BBQ 5月:新入生向けレッスン会 7月:前期学内ランキング戦 8月:夏合宿(テニス＆レジャー) 10月:他大学交流戦 11月:理大祭(テニス体験) 12月:クリスマステニス大会 2月:春合宿 3月:卒業生追い出し試合
1044, 2044, バスケットボール同好会「Hoop Dreams」, 野田, 運動系, 男女ミックスでゲーム中心のバスケ。シューティング、3on3なども。ゆるく楽しくがモットー。, 週1回 (木曜 18:30～), 野田市総合公園体育館, 50名（男子35名、女子15名）, 6000円/年 (体育館代), バスケ好き集まれ！経験不問、男女問わず。楽しく体を動かしたい人、バスケ仲間が欲しい人にぴったり。気軽に参加してください！, Enjoy Basketball Life!, 4月:新歓ゲーム会 5月:新歓コンパ 7月:前期お疲れ様3on3大会 9月:夏合宿(バスケ＆観光) 11月:理大祭(フリースローチャレンジ) 12月:忘年会＆バスケ納め 2月:OB/OG交流戦 3月:学年対抗戦
1045, 2045, バレーボールサークル「Spike Mate」, 野田, 運動系, 男女混合でゲーム形式中心。基礎練習も適宜実施。初心者歓迎、経験者も楽しめるレベル。, 週1回 (金曜 19:00～), 近隣中学校体育館 or 公共体育館, 60名（男子30名、女子30名）, 5000円/年 (体育館代), バレーボールしたい人、集まれ！初心者でも大丈夫、皆で教え合います。男女・学年問わず仲が良く、和気あいあいとした雰囲気です！, 繋げ！笑顔とボール！, 4月:新歓体験バレー＆懇親会 5月:ポジション別練習会 7月:ビーチバレー大会(有志) 8月:夏合宿(バレー＆BBQ) 10月:ハロウィン仮装バレー 11月:理大祭(ミニゲーム企画) 12月:クリスマスMixチーム大会 3月:追いコン
1046, 2046, 軟式野球サークル「Sluggers」, 野田, 運動系, キャッチボール、バッティング、ノック、紅白戦など。地域の草野球大会参加も検討中。, 週1回 (土曜午前), 野田市周辺の野球グラウンド, 35名（男子30名、女子マネージャー5名）, 4000円/年 (グラウンド代、ボール代), 野球好きなら経験問わず大歓迎！中学・高校でやってた人も、見る専だった人もOK！マネージャーも募集中！楽しく野球やりましょう！, 白球に青春を！, 4月:新歓キャッチボール＆ミニゲーム 5月:新歓コンパ 7月:前期紅白戦 8月:夏合宿(野球＆レク) 10月:バッティングセンター練習会 11月:理大祭(ストラックアウト) 12月:練習納め＆忘年会 3月:OB戦
1047, 2047, 陸上競技同好会「Track & Field Lovers」, 野田, 運動系, 短距離、中長距離、跳躍、投擲など、各自の専門種目を中心に自主練習。合同練習会、記録会参加。, 週2回 合同練習(水曜夕方、土曜午前) + 自主練, 野田キャンパスグラウンド、近隣競技場, 40名（男子25名、女子15名）, 3000円/年 (共有備品代), 陸上が好きなら誰でも！専門種目がある人も、これから見つけたい人もOK。自己ベスト更新を目指す人も、健康維持目的の人も。自分のペースで活動できます。, 自分の限界へ、走り出そう！, 4月:新歓体験練習会 5月:種目別相談会 6月:学内記録会① 8月:夏合宿(合同練習) 10月:学内記録会② 11月:理大祭(体力測定コーナー) 12月:駅伝大会参加(有志) 2月:冬季トレーニング報告会 3月:シーズンイン記録会
1048, 2048, 水泳サークル「Aqua Beats」, 野田, 運動系, 週1回、近隣の温水プールで各自のペースで泳ぐ。リレーや水中ゲームも。初心者向けレッスンも企画。, 週1回 (火曜夜), セントラルウェルネスクラブ24柏 or ミナトスポーツクラブ天王台(各自利用), 30名（男子18名、女子12名）, プール利用料は各自負担 + 年会費1000円, 泳ぎたい人、水が好きな人、集まれ！競泳経験者から、健康のために泳ぎたい人、これから泳げるようになりたい人まで。自分のペースで楽しめます。, 水と友達になろう！, 4月:新歓プール体験会 5月:クロール・平泳ぎレッスン会 7月:前期お楽しみリレー大会 8月:夏合宿(海or湖でのアクティビティ) 10月:バタフライ・背泳ぎ挑戦会 11月:理大祭(活動紹介) 12月:泳ぎ納め＆忘年会 2月:水中ゲーム大会 3月:春のタイムトライアル
1049, 2049, 剣道愛好会「一心館」, 野田, 運動系, 基本稽古（素振り、足捌き、打ち込み）、地稽古。段位取得サポート、学内・外の稽古会参加。, 週2回 (水曜・土曜), 森戸記念体育館 剣道場, 20名（男子15名、女子5名）, 5000円/年, 剣道経験者も、大学から始めたい初心者も歓迎！礼儀作法から丁寧に指導します。心身を鍛え、集中力を養いたい方、一緒に汗を流しませんか？, 剣の道に、終わりなし。, 4月:新歓体験稽古＆防具説明会 5月:基本動作集中稽古 7月:前期部内試合 8月:夏合宿(他大学合同稽古) 10月:昇段審査対策稽古 11月:理大祭(演武披露) 12月:稽古納め＆忘年会 2月:寒稽古 3月:卒業生送別稽古会
1050, 2050, チアリーディングチーム「Sparkles」, 野田, 運動系, スタンツ（組体操）、ダンス、タンブリングの練習。学内スポーツ応援、地域のイベント出演、大会出場。, 週2-3回 (火曜・金曜・日曜), 森戸記念体育館、トレーニング棟, 28名（男子5名、女子23名）, 15000円/年 + ユニフォーム・遠征費別途, 人を応援したい！元気を与えたい！アクロバティックな技に挑戦したい！初心者大歓迎！男女問わず募集中！最高のチームワークで最高の笑顔を届けよう！, Go Fight Win! 笑顔でエール！, 4月:新歓パフォーマンス＆体験会 5月:基礎体力・柔軟トレーニング 7月:スポーツ応援デビュー 8月:夏合宿(集中練習＆演技構成) 10月:地域イベント出演 11月:理大祭ステージ発表＆応援活動 12月:大会出場(目標) 2月:新演技構成練習開始 3月:卒業公演
1051, 2051, 軽音楽部「Sound Wave」, 野田, 音楽系, バンド活動（コピー中心）。定期的な学内ライブ、他大学との合同ライブ企画。機材管理。, 週1回 全体ミーティング(部室) + バンド毎に週1-2回スタジオ練習, 部室棟N105、柏・松戸周辺音楽スタジオ, 75名（男子50名、女子25名）, 入部費2000円 + 半期3000円 (機材維持・スタジオ代補助), バンドやりたい人大募集！初心者でも大丈夫、楽器パート相談乗ります！ライブ好き、音楽好きなら楽しめること間違いなし！一緒に音を鳴らそうぜ！, 最高の音を、最高の仲間と。, 4月:新歓ライブ＆セッション大会 5月:バンド結成支援会 6月:前期ライブ① 7月:前期ライブ② 8月:夏合宿(ライブ＆BBQ) 10月:合同ライブ(他大学と) 11月:理大祭ライブ 12月:年末ライブ 2月:卒業ライブ 3月:新入生向け準備ライブ
1052, 2052, ESS (English Speaking Society), ３キャンパス合同, 文化系, 英語でのディスカッション、ディベート、スピーチ練習、英語ゲーム、洋画鑑賞会など。, 週2回 活動 (火曜:野田 / 木曜:神楽坂/葛飾交代 or オンライン), 各キャンパス講義棟・ラウンジ、オンライン, 50名（男女比半々程度）, 1000円/年, 英語を話したい、使いたい人、集まれ！レベルは問いません。スピーキング力、リスニング力、コミュニケーション能力UP！留学生との交流も。, Let's enjoy speaking English!, 4月:新歓フリートーク＆ゲーム 5月:自己紹介スピーチ練習 6月:テーマディスカッション 7月:イングリッシュ・カフェ 8月:英語漬けサマーキャンプ(企画中) 10月:ハロウィン・イングリッシュパーティ 11月:プレゼンテーション練習会 12月:洋画鑑賞＆ディスカッション 2月:ディベート練習試合 3月:スピーチコンテスト(部内)
1053, 2053, 旅行企画サークル「どこでもドア」, 野田, 文化系, 国内・海外旅行の企画立案、情報交換、旅行報告会。日帰り旅行、合宿形式の旅行実施。, 月1回 定例会(企画会議) + 旅行実施(年数回), 講義棟、オンライン、旅行先, 40名（男子20名、女子20名）, 年会費1000円 + 旅行費実費, 旅行好き、集まれ！計画立てるのが好きな人も、色々な場所に行きたい人も。定番観光地から穴場まで、みんなでアイデアを出し合って最高の旅を作ろう！, 未知なる場所へ、好奇心の旅。, 4月:新歓・旅の思い出語り会 5月:日帰り旅行企画プレゼン 6月:日帰り旅行①(近郊) 7月:夏休み旅行企画会議 8月:夏合宿旅行(2泊3日程度) 9月:旅行報告会 10月:日帰り旅行②(紅葉) 11月:理大祭(世界の写真展) 12月:冬休み旅行企画 2月:卒業旅行企画相談会 3月:春の旅行(日帰りor1泊)
1054, 2054, ディベートクラブ「Logos」, 野田, 文化系, 論理的思考力・表現力を鍛えるディベート練習。肯定側・否定側に分かれて立論・反駁・最終弁論。大会参加も。, 週1回 練習会(金曜放課後), 講義棟, 18名（男子12名、女子6名）, 500円/年 + 大会参加費実費, 思考力を鍛えたい、人前で話すのが得意になりたい方へ。初心者歓迎。物事を多角的に見る力、説得力のある話し方が身につきます。知的なゲームを楽しもう！, 言葉を武器に、真理を探求せよ。, 4月:新歓ディベート体験＆説明会 5月:ディベート基礎講座(立論・反駁) 6月:練習試合開始 7月:前期部内トーナメント 8月:夏合宿(集中練習＆他大学交流) 10月:大会形式練習 11月:新人ディベート大会参加(有志) 12月:OB/OGとの交流ディベート 2月:後期部内トーナメント 3月:春季ディベート大会参加(有志)
1055, 2055, I部体育局サッカー部, 野田, 運動系, 千葉県大学サッカーリーグ等での勝利を目指した練習。基礎技術、戦術練習、フィジカルトレーニング、練習試合。, 週4回 (火・水・木・土 朝練 or 夕練) + 日曜試合, 理科大グラウンド、千葉県内グラウンド, 30名（男子選手25名、女子マネージャー5名）, 約40000円/年 (部費、遠征費等), 本気でサッカーやりたい人、大学でも熱くなりたい人、待ってます！高いレベルを目指し、チーム一丸となって戦います。マネージャーも募集中！, 勝利への渇望、仲間との絆。, 4月:新シーズン開始、新入生歓迎 5月-11月:千葉県大学サッカーリーグ戦 6月:大学選手権予選 8月:夏合宿(強化合宿) 12月:天皇杯予選(日程による) 1月:新人戦 3月:春季遠征・練習試合
1056, 2056, ジャグリングパフォーマンス「Poi Lab」, 野田, 演技系, ポイ、スタッフ、ディアボロ、ボール、クラブ等のジャグリング練習。個人技、グループパフォーマンス創作。イベント出演。, 週1-2回 練習会(自主参加中心), 部室棟前広場、トレーニング棟, 25名（男子18名、女子7名）, 1000円/年 (共有道具代), ジャグリングやってみたい人、道具に触ってみたい人、歓迎！初心者でも大丈夫。自分のペースで技を習得できます。人前で披露する楽しさも！, モノを操り、観客を魅了する。, 4月:新歓ジャグリング体験会 5月:道具別練習会 7月:前期ミニ発表会 8月:夏合宿(練習＆パフォーマンス創作) 10月:地域イベント出演(予定) 11月:理大祭パフォーマンス 12月:クリスマスジャグリングショー 2月:技交換会 3月:年度末発表会
1057, 2057, 環境サークル「Eco-Connect」, 野田, 文化系, キャンパス内美化活動、リサイクル推進、環境問題に関する勉強会、地域イベントでの啓発活動。, 月1回 定例会 + 月1-2回 活動日, 講義棟、キャンパス内、地域施設, 32名（男子15名、女子17名）, 500円/年, 環境問題に関心がある人、何か行動したい人、一緒に活動しませんか？身近なことから始められます。学びながら、楽しく、持続可能な社会を目指しましょう。, 未来のために、今できること。, 4月:新歓説明会＆キャンパスクリーン活動 5月:リサイクルBOX設置・管理 6月:環境映画上映会＆ディスカッション 7月:水質調査体験(近隣河川) 8月:エコ活動報告会 10月:学内エコキャンペーン企画 11月:理大祭(環境クイズ、リサイクル工作) 12月:環境関連施設見学 2月:省エネに関する勉強会 3月:年度活動まとめ＆次年度計画
1058, 2058, 手話サークル「Sign Post」, 野田, 文化系, 日常会話レベルの手話学習、指文字、手話歌、ろう者との交流会企画。, 週1回 練習会(木曜放課後), 講義棟, 26名（男子10名、女子16名）, 1000円/年, 手話に興味がある方、新しいコミュニケーションを学びたい方、初心者大歓迎！楽しく学びながら、聴覚障がいへの理解も深めます。温かい雰囲気のサークルです。, 手で話そう、心で繋がろう。, 4月:新歓体験会＆交流会 5月:指文字・挨拶の練習 6月:日常会話フレーズ練習 7月:手話ソングに挑戦① 8月:ろう者の方との交流会企画 10月:手話での自己紹介練習 11月:理大祭(手話クイズ、ミニ講座) 12月:手話ソングに挑戦②＆クリスマス会 2月:手話劇練習(希望者) 3月:学習成果発表会
1059, 2059, ポケモンサークル「TUS Pokéfans」, 野田, 文化系, ゲーム対戦(SV、過去作)、カードゲーム、ポケモンGO活動、アニメ・グッズ情報交換など。, 週1回 活動日(水曜放課後) + オンライン対戦随時, 講義棟 K608、オンライン(Discord), 40名（男子35名、女子5名）, 500円/年, ポケモン好きなら誰でも歓迎！ガチ対戦勢からエンジョイ勢、ストーリー好き、カード勢まで幅広く。最新情報交換したり、皆で対戦したり、ゆるく楽しく活動中！, 全てのポケモン好きに、最高の居場所を。, 4月:新歓対戦会＆交流会 5月:好きなポケモン語り会 6月:部内シングルバトル大会 7月:ポケモンカード交流会 8月:夏休みポケモン映画鑑賞会(有志) 9月:部内ダブルバトル大会 11月:理大祭(フリー対戦＆展示) 12月:年末特殊ルール大会 2月:ポケモンGOコミュニティデイ集会 3月:次世代に向けた育成相談会
1060, 2060, 麻雀同好会「雀荘Noda」, 野田, 文化系, 部員同士での麻雀対局。点数計算や役の勉強会（初心者向け）。オンライン麻雀も活用。, 週2回 活動日(火曜・金曜 18:00～), 講義棟 K609 (専用卓あり), 30名（男子27名、女子3名）, 0円 (部室維持協力金任意), 麻雀打ちたい人、覚えたい人、集まれ！初心者にはルールから丁寧に教えます。経験者も歓迎。和気あいあいと、時に真剣に、牌を囲みましょう！, ツモれ、未来！鳴かせろ、青春！, 4月:新歓・初心者麻雀体験会 5月:点数計算勉強会 6月:部内リーグ戦開始 7月:役 Mリーグ観戦会 8月:夏合宿(麻雀三昧) 10月:三人麻雀交流会 11月:理大祭(フリー対局、初心者教室) 12月:年末最強位決定戦 2月:オンライン麻雀大会(部内) 3月:OB/OG交流対局会
1061, 2061, エンジョイテニスサークル「スマイル」, 野田, 運動系, 初心者中心の硬式テニス。ラリー練習、簡単なゲーム形式。テニス以外のイベント（BBQ、ボーリング等）も多い。, 週1回 (土曜午後) + 月1回イベント企画, 野田キャンパステニスコート、近隣レジャー施設, 80名（男子40名、女子40名）, 5000円/年, テニスやったことない人、大歓迎！運動苦手でも大丈夫！ラケットの持ち方から教えます。友達作りたい人、楽しい大学生活送りたい人、集まれ～！, 笑顔で繋がる、テニスと仲間！, 4月:新歓テニス体験＆お花見 5月:初心者集中レッスンウィーク 6月:BBQ大会 7月:前期納会ボーリング大会 8月:夏合宿(テニス＆観光) 10月:ハロウィン仮装テニス 11月:理大祭(模擬店出店) 12月:クリスマステニス＆パーティー 2月:スノボ旅行(希望者) 3月:卒業生追い出しテニス
1062, 2062, サッカー愛好会「FC Noda」, 野田, 運動系, 経験者中心だがガチすぎないサッカー。紅白戦、基礎技術練習。地域の社会人チームとの交流試合も。, 週1-2回 (木曜夕方、日曜午前), 野田市総合公園グラウンド、近隣グラウンド, 40名（男子38名、女子マネージャー2名）, 6000円/年 (グラウンド代), サッカー好き集まれ！そこそこ真面目に、でも楽しくやりたい人に最適。高校までやってたけど部活はちょっと…という人もぜひ！マネージャーも募集中！, ボール一つで、週末が輝く。, 4月:新歓ミニゲーム大会 5月:ポジション別練習会 6月:社会人チーム交流戦① 8月:夏合宿(試合形式中心) 9月:学内サークル対抗戦(企画) 10月:社会人チーム交流戦② 11月:理大祭(OB戦) 12月:蹴り納め＆忘年会 2月:フットサル大会参加(有志) 3月:新体制紅白戦
1063, 2063, ゆるバスケサークル「ダンクしないズ」, 野田, 運動系, とにかく楽しくバスケ！経験・性別不問。シュート練習、ゆるいゲーム。運動不足解消目的の人多め。, 月2回程度 (不定期 土曜午後), 野田市内小学校体育館(借りられた時), 35名（男子20名、女子15名）, 参加時500円程度 (体育館代), バスケしたいけど体力自信ない…そんなあなたに！経験なくても全然OK！ダンクは禁止(笑)。シュート決まったら皆でハイタッチ！超ゆる～くやってます。, 運動不足解消！楽しくシュート！, 不定期で月2回程度活動 / 4月:新歓ゆるバスケ体験 6月:体力測定(ゆるめ) 8月:暑気払い飲み会 10月:ハロウィン仮装バスケ(？) 12月:忘年会 2月:初心者向けシュート講座 3月:年度末お楽しみゲーム会
1064, 2064, アイドルコピーダンスユニット「Twinkle☆Stars」, 野田, 音楽系, 主に日本の女性アイドルグループのダンスコピー。学園祭や外部イベントでのステージ発表。, 週2回 (水曜・日曜), トレーニング棟、外部レンタルスタジオ, 30名（女子25名、男子(裏方兼務)5名）, 10000円/年 + 衣装代・スタジオ代別途, アイドルが好き！ダンスが好き！キラキラしたい！女子メンバー大募集！未経験でも大丈夫、皆で教え合います。可愛い衣装でステージに立とう！男子スタッフも歓迎！, ステージで輝く、一番星に！, 4月:新歓ステージ＆説明会 5月:担当曲決め＆練習開始 7月:前期発表会(学内) 8月:夏合宿(集中練習＆撮影会) 10月:外部イベント出演(目標) 11月:理大祭ステージ 12月:クリスマスミニライブ 2月:新曲練習開始 3月:卒業ライブ
1065, 2065, マジック＆パフォーマンス「Illusionist」, 野田, 演技系, クロースアップマジック、ステージマジック、ジャグリング等の練習・研究・発表。地域のイベント出演も。, 週1回 練習会(木曜放課後), 講義棟、部室棟, 20名（男子16名、女子4名）, 2000円/年 (共有道具代), 人を驚かせたい、楽しませたい人！マジックやジャグリングに挑戦しませんか？初心者歓迎。トランプ一つから始められます。不思議な技を身につけよう！, あなたの日常に、魔法をかける。, 4月:新歓マジックショー＆体験会 5月:トランプマジック基礎講座 6月:ジャグリング体験会 7月:前期発表会 8月:夏合宿(ネタ見せ＆練習) 10月:ステージマジック研究会 11月:理大祭パフォーマンス 12月:福祉施設などでの慰問公演(依頼あれば) 2月:クロースアップマジック発表会 3月:年度末イリュージョンショー(？)
1066, 2066, 模擬国連「TUSMUN」, ３キャンパス合同, 文化系, 各国大使となり、国際問題を議論・交渉し、決議案を作成する模擬国連活動。各種大会への参加。, 週1回 勉強会/リサーチ会 + 大会前は集中準備, オンライン、各キャンパス講義棟, 25名（男子14名、女子11名）, 大会参加費実費, 国際問題に関心がある人、交渉力・議論力を高めたい人、英語を使いたい人歓迎！リサーチ力、プレゼン力も身につきます。世界を舞台に活躍しよう！, 知性と交渉力で、世界を動かせ。, 4月:新歓説明会＆模擬会議体験 5月:担当国・議題決定、リサーチ開始 6月:スピーチ・交渉術ワークショップ 7月:学内模擬国連会議 8月:夏合宿(大会準備集中) 9月:全国大会参加(目標) 11月:後期テーマ勉強会 12月:OB/OGとの交流会議 2月:新人向けトレーニング会議 3月:春季大会参加(目標)
1067, 2067, コーヒー愛好会「Café Voyage」, 野田, 文化系, ハンドドリップ、サイフォンなど様々な淹れ方の研究・実践。豆の焙煎体験、カフェ巡り、コーヒーに合うお菓子作り。, 月2回 活動日(土曜午後), 部室棟 E109 (専用器具あり)、講義棟調理室、近隣カフェ, 30名（男子15名、女子15名）, 3000円/年 (豆代、器具維持費), コーヒーが好き、美味しいコーヒーを淹れたい人、集まれ！初心者でも大丈夫。豆の種類、淹れ方で味が変わる奥深さを一緒に探求しましょう。カフェのような空間で一息。, 一杯のコーヒーが、日常を豊かにする。, 4月:新歓・ハンドドリップ体験会 5月:世界のコーヒー豆飲み比べ 6月:サイフォン抽出体験 7月:アイスコーヒー特集 8月:自家焙煎体験(外部施設利用) 9月:コーヒーに合うお菓子作り 10月:ラテアート練習会 11月:理大祭(カフェ出店) 12月:クリスマスブレンド作り 2月:エスプレッソマシン体験 3月:お気に入りカフェ巡りツアー
1068, 2068, eスポーツサークル「TUS Gaming」, 野田, 文化系, FPS,  MOBA,  格ゲーなど人気タイトルのプレイ・対戦会。学内大会企画、外部大会参加(有志)。ストリーミング配信も。, 週1-2回 オンライン活動中心 + 不定期オフライン対戦会, オンライン(Discord)、講義棟(オフライン時), 50名（男子45名、女子5名）, 0円, ゲーム好きなら誰でも歓迎！エンジョイ勢からガチ勢まで。好きなタイトルで仲間を見つけよう！チームで連携する楽しさ、勝利の喜びを分かち合おう！, 画面の向こうに、無限の熱狂！, 毎月タイトル別オンライン交流戦 / 4月:新歓オンライン交流会 5月:人気タイトル学内リーグ開始 7月:ストリーミング配信講習会 8月:夏休み集中プレイ期間 10月:学内eスポーツ大会開催 11月:理大祭(試遊体験、対戦ブース) 12月:年末お祭り企画(複数タイトル) 2月:外部大会エントリーサポート 3月:次年度タイトル選定会議
1069, 2069, ワンダーフォーゲル部 (山岳・アウトドア), 野田, 運動系, 登山（日帰り、小屋泊、テント泊）、沢登り、キャンプ、スキーなど、四季を通じたアウトドア活動。, 月1-2回の山行(週末) + 週1回トレーニング/ミーティング, 関東甲信越の山々、大学トレーニング施設、部室, 28名（男子20名、女子8名）, 10000円/年 + 山行実費, 自然が好き！山が好き！冒険が好き！な人、集まれ！初心者歓迎。体力作りから始められます。装備の貸出・相談もOK。大自然の中で感動体験を！, 一歩踏み出せば、そこは絶景。, 4月:新歓ハイキング(筑波山)＆装備説明会 5月:テント泊講習＆実践(丹沢) 6月:沢登り体験 7月:夏山登山(北アルプス等 / 長期) 8月:夏合宿(複数企画) 9月:クライミング講習 10月:紅葉登山 11月:地図読み講習会 12月:納山祭＆忘年会 1月-3月:雪山登山/スキーツアー(希望者)
1070, 2070, 空手道同好会「拳心会」, 野田, 運動系, 伝統派空手の稽古。基本、形、組手練習。体力錬成。昇級・昇段審査挑戦サポート。, 週2回 (火曜・土曜), 森戸記念体育館 武道場, 22名（男子18名、女子4名）, 4000円/年, 武道に興味がある方、心身を鍛えたい方、初心者・経験者問わず歓迎。礼節を重んじ、集中力を養います。自分のペースで稽古できます。, 一撃必殺！己に克つ！, 4月:新歓体験稽古＆説明会 5月:基本動作反復練習 6月:形 講習会①(平安など) 7月:前期組手練習試合 8月:夏合宿(集中稽古) 10月:形 講習会②(指定形) 11月:理大祭(演武披露) 12月:昇級審査会(部内) 2月:寒稽古 3月:OB/OG合同稽古会
1071, 2071, 合気道クラブ「氣流会」, 野田, 運動系, 合気道の稽古。体捌き、受け身、呼吸法、基本技の反復練習。護身術としての応用。, 週2回 (月曜・木曜), 森戸記念体育館 柔道場, 18名（男子12名、女子6名）, 6000円/年, 力に頼らない武道、合気道を始めてみませんか？初心者大歓迎。女性や体力に自信がない方でも無理なく始められます。護身術にも役立ちます。, 和合の心、流れる動き。, 4月:新歓体験稽古＆受け身練習 5月:体捌き集中練習 6月:基本技講習(四方投げ等) 7月:前期合同稽古会 8月:夏合宿(外部指導者招聘) 10月:呼吸法・呼吸力養成稽古 11月:理大祭(演武発表) 12月:年末合同稽古＆納会 2月:応用技練習 3月:昇級審査(希望者)
1072, 2072, SF研究会「Cosmic Front」, 野田, 文化系, SF小説・映画・アニメ等の鑑賞・読書会、作品分析、SFに関する考察・議論、創作活動(有志)。, 月2回 定例会(金曜夜) + 不定期鑑賞会, 講義棟、オンライン, 20名（男子15名、女子5名）, 500円/年, SF好き集まれ！星新一からハードSF、スペースオペラまで。古典も最新作も。あなたの「推しSF」を語り合いませんか？未来への想像力を刺激しよう！, 想像力の彼方へ、旅立とう。, 4月:新歓・好きなSF作品紹介会 5月:テーマ別読書会①(例:時間SF) 6月:SF映画鑑賞会＆考察会 7月:前期お気に入り作品プレゼン 8月:SF創作ワークショップ(希望者) 10月:テーマ別読書会②(例:AI/ロボットSF) 11月:理大祭(SF作品展示、考察発表) 12月:年末SF座談会 2月:SF史勉強会 3月:自主制作作品発表会(有志)
1073, 2073, 文芸サークル「言の葉」, 野田, 文化系, 小説、詩、エッセイなどの創作活動。作品合評会、読書会、文学散歩。, 週1回 活動日(水曜放課後), 部室棟 E110, 24名（男子10名、女子14名）, 1000円/年 (部誌印刷代など), 書くことが好き、読むことが好き、言葉が好きな人、歓迎。小説家志望から趣味で楽しみたい人まで。自分のペースで創作し、仲間と感想を語り合えます。, 紡ぐ言葉、広がる世界。, 4月:新歓・作品持ち寄り＆自己紹介 5月:短編小説創作ワークショップ 6月:テーマ別読書会 7月:前期作品合評会、部誌発行① 8月:文学散歩(都内文豪ゆかりの地) 10月:詩作講座 11月:理大祭(部誌展示・販売) 12月:後期作品合評会、部誌発行② 2月:長編作品構想会 3月:卒業記念作品集制作
1074, 2074, まちづくり研究会「Community Canvas」, 野田, 文化系, 野田・流山地域の魅力発見、課題解決のための調査・企画・実践。地域イベントへの参加・協力、政策提言(目標)。, 月2回 ミーティング + フィールドワーク随時, 講義棟、大学周辺地域、オンライン, 18名（男子10名、女子8名）, 500円/年, 自分の住む街をもっと良くしたい！地域活性化に興味がある人、歓迎。フィールドワークを通して地域のリアルを知り、アイデアを形にしませんか？, 私たちの手で、街を彩る。, 4月:新歓・地域紹介＆活動説明会 5月:野田・流山地域フィールドワーク① 6月:地域課題に関するディスカッション 7月:地域イベント参加・ボランティア 8月:夏休み集中調査・企画立案 9月:中間報告会 10月:地域イベント参加・ブース出展 11月:理大祭(活動報告展示) 12月:企画ブラッシュアップ会議 2月:地域の方へのヒアリング調査 3月:年度末活動報告会＆提言まとめ
1075, 2075, ドローン研究・飛行クラブ「Sky High」, 野田, 文化系, ドローンの操縦練習、空撮、プログラミング制御研究、レース用ドローン製作(有志)。安全講習会必須。, 月2回 飛行練習会(土曜) + 週1回 ミーティング/勉強会, 大学グラウンド(許可時)、安全な飛行可能エリア、講義棟, 16名（男子14名、女子2名）, 5000円/年 (機材維持費、保険料), ドローンに興味がある人、飛ばしてみたい人、空撮したい人！初心者歓迎。安全運用を第一に、操縦技術や関連知識を学びます。未来の技術に触れてみよう！, 空からの視点で、世界を広げる。, 4月:新歓・ドローンデモフライト＆操縦体験 5月:ドローン法規・安全講習会 6月:基本操縦練習会 7月:空撮テクニック講座 8月:夏休み集中飛行訓練＆映像編集 9月:ドローンプログラミング入門 10月:マイクロドローンレース体験 11月:理大祭(デモフライト、空撮映像展示) 12月:夜間飛行練習(許可と安全確保の上) 2月:自作ドローン発表会(有志) 3月:空撮作品コンテスト
1076, 2076, 健康・フィットネスクラブ「Wellness Hub」, 野田, 運動系, ヨガ、ピラティス、ストレッチ、軽めの筋トレなど。外部インストラクターを招いたレッスンも企画。栄養勉強会。, 週1-2回 活動日 (平日昼休み or 放課後), トレーニング棟、講義棟, 35名（男子10名、女子25名）, 参加毎500円程度 or 月会費制検討中, 健康的な生活を送りたい人、運動不足を解消したいけど激しいのは苦手な人向け。男女問わず歓迎。心と体のバランスを整え、リフレッシュしませんか？, 健やかな毎日を、ここから。, 4月:新歓・体験ヨガ＆ストレッチ 5月:体幹トレーニング入門 6月:ピラティスレッスン 7月:夏に向けたボディメイク講座 8月:オンライン健康セミナー 9月:食生活改善・栄養勉強会 10月:秋のリラックスヨガ 11月:理大祭(健康相談・体験ブース) 12月:年末デトックスストレッチ 2月:筋力アップトレーニング 3月:セルフケア・マッサージ講座
1077, 2077, イラスト・マンガ制作サークル「Ink Pot」, 野田, 文化系, デジタル・アナログでのイラスト、マンガ制作。部誌発行、オンラインでの作品公開、画力向上勉強会。, 週1回 もくもく会/交流会(木曜放課後), 講義棟 K408、オンライン, 40名（男子20名、女子20名）, 2000円/年 (部誌印刷代、画材共有費), 絵を描くのが好き！マンガが好き！な人、集まれ！初心者も経験者も歓迎。デジタルもアナログもOK。仲間と刺激し合いながら、創作活動を楽しもう！, 描く喜び、語る楽しみ。, 4月:新歓・お絵描き交流会 5月:人体ドローイング練習会 6月:デジタル作画ソフト講座(クリスタ等) 7月:前期部誌発行＆合評会 8月:夏休み集中創作期間 9月:マンガネーム勉強会 10月:背景・パース講座 11月:理大祭(作品展示、部誌販売、似顔絵コーナー) 12月:テーマ別イラスト大会 2月:オンラインギャラリー更新 3月:後期部誌発行＆卒業制作展
1078, 2078, K-POPカバーダンスサークル「STEP UP」, 野田, 音楽系, K-POPアーティストのダンスカバー。完コピ目指して練習。学園祭や外部イベントでのステージ発表。, 週2回 (月曜・土曜), トレーニング棟、外部レンタルスタジオ, 45名（女子35名、男子10名）, 12000円/年 + 衣装代・スタジオ代別途, K-POPが好き！ダンスが好き！な人、大募集！男女問わず、初心者でも経験者でもOK！好きなグループになりきって、カッコよく＆可愛く踊ろう！, 憧れのステージへ、最高の一歩を！, 4月:新歓パフォーマンス＆ダンス体験 5月:練習曲決定＆パート分け 7月:学内発表会 8月:夏合宿(集中練習＆MV風撮影) 10月:外部ダンスイベント出演(目標) 11月:理大祭ステージ 12月:年末K-POPランダムダンス大会 2月:新曲練習開始 3月:卒業記念公演
1079, 2079, ボウリング同好会「Strike Masters」, 野田, 運動系, 月1-2回、近隣のボウリング場での練習会・交流会。スコアアップを目指す練習、レクリエーションボウリング。, 月1-2回 (週末 or 平日夜), ラウンドワン柏店 など近隣ボウリング場, 30名（男子20名、女子10名）, ゲーム代実費 + 年会費500円, ボウリング好き、集まれ！マイボール・マイシューズなくてもOK。初心者歓迎。スペアの取り方、カーブの投げ方教えます！皆で楽しくストライク！, 狙えパーフェクト！目指せハイスコア！, 4月:新歓ボウリング大会 5月:初心者向けフォームレッスン 6月:アベレージUP練習会 7月:前期チーム対抗戦 8月:夏休みボウリングマラソン(？) 10月:トリックショット練習会(遊び) 11月:理大祭(紹介ブース) 12月:忘年ボウリング大会 2月:プロチャレンジ観戦(有志) 3月:年間アベレージ表彰式
1080, 2080, 献血推進ボランティア「Red Ties」, ３キャンパス合同, 文化系, 学内献血会場での呼びかけ、受付補助、啓発活動。献血に関する勉強会、SNSでの情報発信。, 献血実施期間に集中活動 + 月1ミーティング, 各キャンパス献血会場、講義棟、オンライン, 25名（男子10名、女子15名）, 0円, 献血に関心がある人、人の役に立ちたい人、一緒に活動しませんか？特別なスキルは不要です。「ありがとう」がやりがいに繋がります。命を繋ぐお手伝いを。, 一人の行動が、誰かの命を救う。, 各キャンパスでの献血実施期間に合わせて活動 / 4月:新歓説明会＆活動紹介 5月:献血基礎知識勉強会 6月:学内献血PR活動 7月:夏休み献血キャンペーン協力 10月:秋の献血呼びかけ活動 11月:理大祭(献血啓発ブース) 12月:献血協力者への感謝メッセージ作成 2月:SNSでの献血情報発信強化 3月:年度活動報告＆反省会
1081, 2081, 数学研究会「Infinity」, 野田, 文化系, 現代数学の輪読会、数学パズル・ゲーム、未解決問題への挑戦(？)、数学に関するLT会。, 週1回 勉強会(水曜夜) + 不定期イベント, 講義棟 K505、オンライン, 25名（男子20名、女子5名）, 500円/年, 数学が好きなら誰でも！難しい定理から面白いパズルまで。知的好奇心を満たしませんか？共に数学の美しさと深淵を探求しましょう！, 数式の海へ、思考の旅へ。, 4月:新歓・数学パズル大会 5月:輪読テーマ決め＆開始 7月:前期LT発表会 8月:夏合宿(数学集中セミナー) 10月:数学オリンピック問題挑戦会 11月:理大祭(数学クイズ、展示) 12月:年末数学ゲーム大会 2月:他大学数学サークル交流会 3月:年間活動報告
1082, 2082, 物理実験サークル「Eureka!」, 野田, 文化系, 演示実験の企画・実施、簡単な物理実験（力学、電磁気、波動など）、科学教室でのボランティア。, 月2回 実験/企画会議 + イベント出演随時, 物理実験室(許可時)、講義棟、地域の科学館・公民館, 30名（男子22名、女子8名）, 2000円/年 (実験材料費), 物理は実験が面白い！教科書だけじゃ分からない現象を、自分の手で確かめてみませんか？子供向けの科学教室で教える楽しさも！初心者歓迎！, 実験で解き明かす、世界の法則！, 4月:新歓・演示実験ショー＆体験 5月:力学実験シリーズ開始 6月:科学教室向け実験ネタ開発 7月:前期実験成果発表会 8月:夏休み子供向け科学教室ボランティア 10月:電磁気実験シリーズ 11月:理大祭(実験デモンストレーション) 12月:光・波動実験 2月:オリジナル実験装置開発(有志) 3月:年間活動報告＆演示会
1083, 2083, 化学反応を楽しむ会「Chem Reactor」, 野田, 文化系, 色が変わる反応、発光反応、面白い化学反応の実験・観察。化学マジックショーの練習・披露。, 月2回 実験会(土曜午後), 化学実験室(許可時)、講義棟, 28名（男子19名、女子9名）, 3000円/年 (薬品・器具代), 化学反応の不思議、美しさに触れたい人！見て楽しい実験を中心に活動。安全第一で、驚きと感動を共有しましょう！文系・他学科も歓迎！, ビーカーの中に、驚きと感動を！, 4月:新歓・ケミカルマジックショー 5月:色の変わる化学反応特集 6月:化学発光実験 7月:前期実験発表会＆映え写真コンテスト 8月:夏休みスペシャル実験(花火の色など) 10月:泡・ゲルを作る化学反応 11月:理大祭(化学マジックショー、体験コーナー) 12月:結晶作りコンテスト 2月:食品に関する化学実験 3月:安全講習会＆新年度準備
1084, 2084, 生物観察・飼育サークル「Bio Labo」, 野田, 文化系, 理窓公園や近隣での動植物観察、昆虫採集、微生物観察。部室での小動物・魚類・昆虫等の飼育管理。, 週1回 飼育当番 + 月1-2回 観察会(週末), 理窓公園、江戸川、部室棟(飼育室)、生物実験室(許可時), 26名（男子16名、女子10名）, 2500円/年 (飼育費、観察用具代), 生き物が好きなら誰でも！身近な自然観察から、部室での飼育まで。命の不思議、多様性に触れる活動です。飼育当番できる方歓迎！, 生き物たちの世界を、のぞいてみよう！, 4月:新歓・理窓公園いきもの観察会 5月:春の昆虫採集＆標本作り 6月:微生物(プランクトン)観察会 7月:部室飼育生物紹介＆お世話体験 8月:夏休み自由研究(観察・飼育) 9月:秋の鳴く虫観察会 10月:キノコ観察会 11月:理大祭(飼育生物展示、観察記録発表) 12月:冬越し生物の観察 2月:飼育環境整備 3月:春の訪れ観察会
1085, 2085, ロボット製作チーム「Mecha Creators」, 野田, 文化系, 各種ロボットコンテスト(NHK学生ロボコン、マイクロマウス等)への出場を目指したロボット設計・製作・プログラミング。, 週2-3回 作業日 + 大会前は集中製作, 部室棟 W108 (作業スペース)、機械工作室、講義棟, 24名（男子22名、女子2名）, 8000円/年 + 大会遠征費別途, ロボット作りたい人、動かしたい人、集まれ！機械設計、電子回路、プログラミング、制御…幅広い技術が学べます。仲間と協力して目標達成を目指そう！, 技術とアイデアで、ロボットに命を吹き込む！, 4月:新歓・ロボットデモ＆製作体験 5月:ロボコンテーマ発表・チーム編成 6月- :機体設計・製作、プログラミング 8月:夏合宿(集中開発) 9月- :テスト走行、調整 11月:理大祭(ロボット展示、デモ) 12月- :各種ロボコン予選・本戦出場(日程による) 3月:活動報告会、次期構想
1086, 2086, AI・機械学習勉強会「Deep Learners」, 野田, 文化系, Pythonを使った機械学習・深層学習の基礎学習、論文輪読、Kaggle等のコンペ参加(有志)、実装練習。, 週1回 勉強会(木曜夜) + もくもく会(不定期), 講義棟 K506、オンライン, 35名（男子30名、女子5名）, 1000円/年, AIに興味がある人、Python触ったことある人(無くてもOK)、一緒に学びませんか？基礎から応用まで、最新技術をキャッチアップ！実装力を高めよう！, データから未来を予測する力を。, 4月:新歓・AI/機械学習入門紹介 5月:Python & NumPy/Pandas基礎講座 6月:機械学習(教師あり学習)勉強会開始 7月:Kaggle体験会 8月:夏休み集中実装チャレンジ 10月:深層学習(CNN/RNN)勉強会 11月:理大祭(AIデモ、研究紹介) 12月:論文輪読会開始 2月:強化学習入門 3月:成果発表LT会
1087, 2087, 建築デザイン研究会「Archi Sketch」, 野田, 文化系, 建築デザインの基礎学習、有名建築の見学、設計課題への取り組み(個人/グループ)、模型製作。, 週1回 活動日(水曜放課後) + 見学会(月1程度), 製図室、講義棟、建築学科関連施設、建築見学先, 28名（男子17名、女子11名）, 2000円/年 + 模型材料費・見学交通費実費, 建築に興味がある人、デザインが好きな人！学科問わず歓迎。手を動かして考える楽しさ、空間を創造する面白さを体験！一緒に建築の世界を探求しよう。, 空間をデザインし、未来をカタチに。, 4月:新歓・作品紹介＆製図体験 5月:建築デザイン基礎レクチャー 6月:有名建築見学ツアー①(都内) 7月:前期ミニ設計課題発表会 8月:夏休み集中模型製作 9月:建築展見学 10月:有名建築見学ツアー②(近郊) 11月:理大祭(模型・設計課題展示) 12月:グループ設計ワークショップ 2月:ポートフォリオ作成相談会 3月:年間活動報告展
1088, 2088, 航空宇宙工学同好会「Astro Wings」, 野田, 文化系, 航空機・ロケットの仕組み勉強会、モデルロケット製作・打上、飛行機シミュレータ体験、関連施設見学。, 月2回 勉強会/製作会 + 不定期イベント, 講義棟、グラウンド(打上時)、航空宇宙関連施設, 22名（男子19名、女子3名）, 3000円/年 (モデルロケット材料費等), 空や宇宙に憧れる人、飛行機やロケットが好きな人！一緒に航空宇宙の世界を学びませんか？モデルロケット作りは初心者でも楽しめます！大空への夢を語ろう！, 翼とエンジンに、夢を乗せて。, 4月:新歓・活動紹介＆紙飛行機大会 5月:航空力学入門勉強会 6月:モデルロケット製作ワークショップ① 7月:モデルロケット打上会① 8月:航空宇宙関連施設見学(JAXA等) 9月:ロケットエンジン勉強会 10月:モデルロケット製作ワークショップ② 11月:理大祭(モデルロケット展示、シミュレータ体験) 12月:モデルロケット打上会② 2月:飛行機設計に関する勉強会 3月:年間活動報告
1089, 2089, データサイエンス・クラブ「Data Miners」, 野田, 文化系, データ分析の基礎学習(統計学、Python/R)、データ可視化、オープンデータ活用プロジェクト、分析コンペ参加。, 週1回 勉強会/作業会(火曜夜), 講義棟 K507、オンライン, 30名（男子24名、女子6名）, 1000円/年, データに興味がある人、分析力を身につけたい人！文系理系問わず歓迎。統計の基礎から実践的な分析手法まで。データを読み解き、価値を見出すスキルを磨こう！, データの中に隠された宝を探せ！, 4月:新歓・データサイエンスとは？紹介 5月:統計学基礎復習会 6月:Python/Rによるデータ分析入門 7月:データ可視化ワークショップ 8月:オープンデータを使ったミニプロジェクト開始 10月:機械学習を用いた分析手法紹介 11月:理大祭(分析プロジェクト展示) 12月:分析コンペ情報交換会 2月:プロジェクト成果発表会 3月:データ倫理に関する勉強会
1090, 2090, サイバーセキュリティ勉強会「SecuriTUS」, 野田, 文化系, 情報セキュリティの基礎知識学習、CTF(Capture The Flag)への参加・練習、Webセキュリティ、暗号技術など。, 週1回 勉強会/CTF練習会(金曜夜), 講義棟 K508、オンライン, 20名（男子18名、女子2名）, 500円/年, サイバーセキュリティに興味がある人、CTFやってみたい人！ハッキング(倫理的な)技術や防御策を学びます。情報化社会で必須の知識を身につけよう。, 守る力、見抜く力。, 4月:新歓・セキュリティ入門＆CTF紹介 5月:ネットワーク基礎、Webセキュリティ基礎 6月:CTF過去問演習開始(picoCTFなど) 7月:暗号技術入門 8月:夏休みCTF集中攻略期間 9月:国内CTF大会参加(有志) 10月:マルウェア解析入門(座学) 11月:理大祭(セキュリティ啓発展示、ミニCTF) 12月:フォレンジック入門(座学) 2月:セキュリティツール勉強会 3月:年間活動報告＆Writeup共有会
1091, 2091, 3Dプリンター・メイカーズ, 野田, 文化系, 3D CAD(Fusion360等)の学習、3Dプリンターを使った造形、オリジナルグッズ製作、機材メンテナンス。, 週1回 活動日(木曜放課後), 部室棟 W109 (3Dプリンター設置), 18名（男子15名、女子3名）, 4000円/年 (フィラメント代、維持費), 3Dプリンター使ってみたい人、ものづくりが好きでデジタル工作に興味ある人！CAD初心者でも大丈夫。アイデアを立体化する楽しさを体験しよう！, 想像を、カタチに。デジタルものづくり。, 4月:新歓・3Dプリンター実演＆体験 5月:3D CAD基礎講習(Fusion360) 6月:オリジナルキーホルダー/スマホスタンド製作 7月:前期作品発表会 8月:夏休み自由造形期間 10月:スキャンtoプリント体験 11月:理大祭(作品展示、3Dプリンター実演) 12月:機構部品の設計・造形チャレンジ 2月:3Dプリンターメンテナンス講習 3月:合同プロジェクト作品発表
1092, 2092, 電気回路設計クラブ「Circuit Board」, 野田, 文化系, アナログ・デジタル回路の基礎学習、基板設計(CAD)、電子工作、マイコン制御との連携。, 週1回 勉強会/実習(水曜夜), 電気系実験室(許可時)、講義棟, 15名（男子全員）, 3000円/年 (部品代、基板製作費補助), 電気回路に興味がある人、電子工作が好きな人！オームの法則からトランジスタ、オペアンプ、マイコン連携まで。回路図を読んで、実際に動くものを作ろう！, 電子の流れを、デザインする。, 4月:新歓・電子工作体験(LEDチカチカ) 5月:アナログ回路基礎(抵抗・コンデンサ・コイル) 6月:トランジスタ回路入門 7月:前期製作物発表会(ブレッドボード) 8月:夏休みマイコン連携工作(Arduino) 10月:デジタル回路基礎(論理ゲート) 11月:理大祭(電子工作展示、デモ) 12月:基板設計CAD入門 2月:オリジナル回路設計・製作 3月:作品発表会＆デバッグ大会
1093, 2093, 建築模型製作サークル「Miniature World」, 野田, 文化系, 建築模型の製作技法学習(スチボ、木材等)、課題・コンペ用模型製作サポート、ジオラマ製作。, 週1回 作業会(金曜放課後), 製図室、建築学科作業スペース, 20名（男子12名、女子8名）, 2500円/年 + 材料費各自, 建築模型作るのが好き！得意になりたい！建築学科生はもちろん、他学科でも歓迎。カッターの使い方から塗装、植栽表現まで。リアルなミニチュア世界を創ろう。, 手のひらの上に、建築を建てる。, 4月:新歓・模型製作デモ＆体験 5月:カッターワーク・スチボ加工基礎 6月:木製模型製作入門 7月:前期作品発表会(課題模型など) 8月:夏休みジオラマ共同制作 10月:塗装・ウェザリング技法講座 11月:理大祭(模型展示、製作実演) 12月:コンペ模型製作相談会 2月:照明組み込み模型チャレンジ 3月:年間優秀作品展
1094, 2094, 自動車整備・カスタム同好会「Garage Life」, 野田, 文化系, 自動車・バイクの構造学習、簡単な整備(オイル交換等)、洗車、カスタムの情報交換、モーターショー見学。, 月1-2回 活動日(週末) + 不定期イベント, 大学駐車場(許可時)、部員のガレージ、カー用品店, 16名（男子15名、女子1名）, 1000円/年 + 各自の整備費・交通費, クルマ・バイクが好きで、自分でいじりたい人！整備初心者歓迎。工具の使い方から教えます。愛車をピカピカにしたり、ちょっとカスタムしたり。情報交換も。, 愛車と向き合う、至福の時間。, 4月:新歓・愛車紹介＆洗車会 5月:エンジンオイル交換講座 6月:タイヤ・ホイール基礎知識勉強会 7月:カー用品店見学ツアー 8月:夏休みDIYカスタム相談会 10月:モーターショー/オートサロン見学(開催時期による) 11月:理大祭(車両展示？) 12月:年末大掃除＆整備納め 2月:電気系カスタム(LED等)入門 3月:ドライブ＆撮影会
1095, 2095, 科学史研究会「Newton's Apple」, 野田, 文化系, 科学技術の発展の歴史を学ぶ。科学者の伝記輪読、科学史上の大発見に関する発表・議論、科学博物館見学。, 月2回 勉強会/発表会(平日夜), 講義棟、オンライン、科学博物館, 14名（男子9名、女子5名）, 500円/年, 科学の歴史に興味がある人！なぜ現代科学はこうなっているのか？過去の発見や考え方を知ることで、科学への理解が深まります。文系理系問わず歓迎。, 科学の巨人たちの肩に乗って。, 4月:新歓・科学史の面白さ紹介 5月:古代～中世の科学技術 6月:科学革命期(コペルニクス、ガリレオ、ニュートン) 7月:18-19世紀の科学(化学・電磁気学) 8月:科学博物館見学ツアー 10月:20世紀の科学(相対論、量子論、生命科学) 11月:理大祭(科学史クイズ、年表展示) 12月:日本の科学技術史 2月:科学と社会の関係 考察 3月:自由テーマ研究発表会
1096, 2096, 科学コミュニケーションサークル「Sci-Connect」, 野田, 文化系, 科学の面白さ・重要性を社会に伝える活動。ブログ・SNSでの情報発信、サイエンスカフェ企画、出前授業補助。, 月2回 ミーティング/企画会議 + 発信・イベント随時, 講義棟、オンライン、地域施設, 19名（男子10名、女子9名）, 500円/年, 科学は好きだけど専門家になるだけじゃない道も？科学と社会を繋ぐことに興味がある人！伝えるスキル(文章、プレゼン)も磨けます。一緒に科学の魅力を広めよう！, 科学をもっと身近に、もっと面白く！, 4月:新歓・活動紹介＆アイデアソン 5月:ブログ記事作成ワークショップ 6月:SNS発信戦略会議 7月:サイエンスカフェ企画①立案 8月:夏休み子供向け科学イベント協力 9月:サイエンスカフェ企画①実施 10月:効果的なプレゼン資料作成講座 11月:理大祭(研究紹介ポスターセッション) 12月:専門家インタビュー企画 2月:動画コンテンツ制作(検討) 3月:年間活動報告＆発信成果共有
1097, 2097, 気象予報士を目指す会, 野田, 文化系, 気象予報士試験合格に向けた勉強会。過去問演習、テキスト輪読、気象に関する情報交換。, 週1回 勉強会(土曜午前), 講義棟 K406、オンライン, 12名（男子8名、女子4名）, テキスト代実費のみ, 気象予報士の資格を取りたい人、一緒に勉強しませんか？独学だと挫けがちな試験勉強も、仲間がいれば頑張れる！合格者も在籍(アドバイスあり)。, 空を読む力を、その手に。, 4月:新歓・試験概要説明＆勉強計画相談 5月:一般知識(大気熱力学・力学)勉強開始 6月:過去問演習① 7月:専門知識(気象現象・予報技術)勉強開始 8月:夏期集中勉強会 / 試験(8月) 10月:実技試験対策(天気図解析) 11月:過去問演習② 12月:苦手分野克服講座 1月:試験直前対策 / 試験(1月) 2月:合格者体験談共有会 3月:次サイクル向け勉強計画
1098, 2098, フランス語学習サークル「Bonjour TUS」, ３キャンパス合同, 文化系, フランス語の会話練習、文法学習、フランス文化(映画、音楽、料理等)紹介、留学生との交流。, 週1回 勉強会/交流会(水曜夜), オンライン中心、各キャンパスラウンジ(不定期), 15名（男子7名、女子8名）, 500円/年, フランス語やフランス文化に興味がある人！初心者歓迎(第二外国語で履修してなくてもOK)。ネイティブの留学生と話す機会も。楽しくフランス語を学びましょう！, Parlez-vous français? 始めよう！, 4月:新歓・フランス紹介＆体験レッスン 5月:アルファベット・基本挨拶練習 6月:フランス映画鑑賞会① 7月:簡単な日常会話練習 8月:フランス料理を楽しむ会(ポットラック) 10月:文法講座(基礎) 11月:フランス音楽紹介 12月:クリスマス文化紹介＆交流会 2月:フランス語での自己紹介練習 3月:フランス旅行計画(妄想)会
1099, 2099, 古典文学研究会「みやび」, 野田, 文化系, 源氏物語、枕草子、万葉集など日本の古典文学作品の輪読、解釈、時代背景の研究。関連史跡訪問も。, 月2回 輪読会(木曜夜), 講義棟和室、オンライン, 13名（男子6名、女子7名）, 500円/年, 古典文学が好き、興味がある人。昔の人の言葉や感性に触れてみませんか？原文を読むのは難しくても大丈夫。解説本なども参考に、皆で読み解きます。, 千年の時を超え、言葉の美に触れる。, 4月:新歓・好きな古典作品紹介 5月:『枕草子』輪読開始 6月:平安時代の文化・風俗勉強会 7月:前期輪読まとめ＆考察会 8月:古典文学ゆかりの地訪問(京都など検討) 10月:『万葉集』から恋の歌を読む 11月:理大祭(研究発表、関連クイズ) 12月:『源氏物語』輪読開始 2月:古典文学における和歌の役割 3月:百人一首鑑賞会
1100, 2100, フィルム写真クラブ「Analog Moment」, 野田, 文化系, フィルムカメラでの撮影、自家現像(モノクロ)、暗室でのプリント作業。フィルムに関する情報交換。, 月1-2回 撮影会 + 月1回 暗室作業日(希望者), 関東近郊、部室棟W204(暗室あり), 17名（男子11名、女子6名）, 6000円/年 (薬品・印画紙代、暗室維持費), フィルムカメラが好き！これから始めたい人！デジカメとは違う味わい、手間をかける楽しさがあります。カメラ貸出相談可。暗室作業も体験できます。, 一枚の写真に、時間を込める。, 4月:新歓・フィルムカメラ紹介＆撮影体験 5月:カメラ基本操作・フィルム装填講座 6月:モノクロ自家現像講習会 7月:前期作品発表会(プリント) 8月:夏合宿(撮影旅行＆集中作業) 10月:中判カメラ体験会 11月:理大祭(フィルム写真展、暗室デモ) 12月:夜景撮影会(長時間露光) 2月:カラーフィルム研究会 3月:自家現像作品展
1101, 2101, 戦略ボードゲーム研究会「Tacticians」, 野田, 文化系, カタン、アグリコラ、ドミニオンなど、思考力が試される戦略系ボードゲームのプレイ・研究。, 週1回 ゲーム会(土曜午後), 講義棟 K604, 28名（男子24名、女子4名）, 1000円/年 (新規ゲーム購入費), 頭を使うゲームが好き！勝ち筋を考えるのが楽しい！そんなあなたに。初心者でもルール説明から丁寧に行います。じっくり考え、勝利を目指しましょう。, 盤上で繰り広げる、知略の戦い。, 4月:新歓・定番戦略ゲーム体験会 5月:『カタン』大会 6月:『アグリコラ』研究会 7月:前期お気に入りゲーム投票＆プレイ 8月:夏休み長時間ゲームマラソン 9月:『ドミニオン』拡張プレイ会 10月:ワーカープレイスメント特集 11月:理大祭(体験卓、ミニ大会) 12月:年末持ち寄り戦略ゲーム会 2月:デッキ構築系ゲーム特集 3月:年間チャンピオン決定リーグ
1102, 2102, お菓子作りサークル「Sweet Labo」, 野田, 文化系, 焼き菓子、ケーキ、チョコレートなど様々なお菓子作りに挑戦。レシピ研究、デコレーション技術向上。, 月1-2回 実習日(週末), 野田市内調理室のある公民館、大学家庭科室(許可時), 38名（男子10名、女子28名）, 毎回1000-2000円程度の材料費実費, お菓子作りが好き！食べるのが好き！男女問わず歓迎。初心者でも基本から教えます。可愛い、美味しいお菓子を一緒に作りましょう！試食タイムが至福♪, 手作りお菓子で、ハッピーを届けよう！, 4月:新歓・簡単カップケーキ作り 5月:クッキー生地作り＆アイシング体験 6月:シュークリームに挑戦 7月:夏向けゼリー＆ムース 8月:デコレーションケーキ集中講座 9月:マカロン作り(難関？) 10月:ハロウィンかぼちゃスイーツ 11月:理大祭(焼き菓子販売) 12月:クリスマスブッシュドノエル作り 2月:バレンタインチョコレート作り 3月:卒業記念アフタヌーンティーセット作り
1103, 2103, 教育支援ボランティア「未来への架け橋」, 野田, 文化系, 地域の小中学生への学習支援(放課後教室など)、理科実験教室のアシスタント、子ども向けイベント企画・運営。, 週1回程度の学習支援 + 月1ミーティング/企画会議, 地域の公民館、児童館、小学校、大学内, 23名（男子9名、女子14名）, 0円, 子どもが好き！教えることが好き！教育に関心がある人。特別な資格は不要です。子どもたちの「わかった！」の笑顔がやりがいです。一緒に未来を応援しませんか？, 子どもたちの未来を、一緒に育む。, 4月:新歓説明会＆活動見学 5月:学習支援スタート、指導法研修 6月:理科実験教室アシスタント 7月:夏休みイベント企画会議 8月:夏休み特別学習会・イベント実施 9月:後期学習支援計画 10月:ハロウィンイベント企画・実施 11月:理大祭(活動紹介、子ども向けコーナー) 12月:クリスマス会企画・実施 2月:進級・進学応援企画 3月:年度活動報告＆反省会
1104, 2104, パワーリフティング・筋トレ部「Iron Will」, 野田, 運動系, BIG3(スクワット、ベンチプレス、デッドリフト)を中心とした筋力トレーニング。フォーム指導、補助。ボディビル大会出場サポート(希望者)。, 週2-3回各自トレーニング + 週1合同トレ/フォームチェック会, 大学トレーニングセンター、外部ジム(各自契約), 26名（男子23名、女子3名）, 0円 (ジム代は各自), 強くなりたい！筋肉つけたい！限界に挑戦したい！男女問わず歓迎。初心者には基本から指導。正しいフォームで安全に。共に理想の体を目指そう！, 己の限界を、バーベルに刻め！, 4月:新歓・トレーニング体験＆説明会 5月:BIG3フォーム徹底指導 6月:補助種目トレーニング紹介 7月:前期トレーニング成果測定会 8月:夏合宿(合同トレーニング集中) 10月:栄養・サプリメント勉強会 11月:理大祭(パワー測定、デモンストレーション) 12月:年末デッドリフト大会(部内) 2月:ボディビルポージング練習会(希望者) 3月:年間成長記録発表会
1105, 2105, 山野草・高山植物研究会, 野田, 文化系, 日本の山野草や高山植物の同定、生態調査、保護に関する勉強会。観察山行、植物園見学。, 月1回 勉強会 + 月1回 観察山行(4-11月), 講義棟、関東近郊の山、植物園, 14名（男子8名、女子6名）, 1000円/年 + 山行交通費実費, 可憐な山の花が好き、足元の小さな自然に興味がある人。図鑑の見方から教えます。季節ごとの花を求めて山を歩きませんか？植物知識が深まります。, 足元に咲く、小さな命を見つめて。, 4月:新歓・春の野草観察会(近郊) 5月:低山の花観察(カタクリ等) 6月:梅雨時の花・シダ植物観察 7月:高山植物観察山行①(八ヶ岳など) 8月:夏休み高山植物観察山行②(アルプスなど) 9月:秋の草花観察会 10月:紅葉と木の実観察 11月:理大祭(写真・標本展示) 12月:冬芽・樹皮観察会 2月:植物分類勉強会 3月:早春の花観察(フクジュソウ等)
1106, 2106, サバイバルゲーム同好会「Airsoft Frontline」, 野田, 運動系, エアソフトガンを使ったチーム対戦(サバイバルゲーム)への参加。装備研究、カスタム相談、戦術研究。, 月1-2回 フィールド参加(週末) + 不定期 ミーティング, 千葉県内のサバイバルゲームフィールド, 21名（男子20名、女子1名）, フィールド参加費実費 + 年会費1000円, サバゲーやってみたい人、興味ある人！初心者歓迎。装備レンタル可能なフィールドで始められます。チームで協力して勝利を目指すスリルと興奮！安全ルール遵守！, 非日常の戦場で、アドレナリン全開！, 4月:新歓・サバゲー体験会(初心者向けフィールド) 5月:装備講習会＆購入相談 6月:定例会参加① 7月:ハンドガン戦限定ゲーム 8月:夏休み耐久ゲーム参加(有志) 9月:チーム連携・戦術研究会 10月:定例会参加②(森林フィールド) 11月:理大祭(装備展示、シューティング体験検討) 12月:撃ち納め＆忘年会ゲーム 2月:インドアフィールド交流戦 3月:春の定例会参加③
1107, 2107, 声優・アナウンス研究会「Voice Actors Studio」, 野田, 演技系, 発声、滑舌、アクセント練習。アニメアフレコ、ナレーション、ラジオドラマ制作練習。演技力向上ワークショップ。, 週1回 練習会(金曜放課後), 講義棟、トレーニング棟音楽室, 18名（男子8名、女子10名）, 1500円/年, 声優やナレーターに憧れる人、話すスキルを磨きたい人！初心者歓迎。基礎からしっかり練習します。自分の声で表現する楽しさを見つけよう！, 声に、魂をのせて。, 4月:新歓・発声体験＆アフレコ体験 5月:滑舌・アクセント基礎トレーニング 6月:アニメアフレコ練習① 7月:ナレーション原稿読み練習 8月:夏合宿(ラジオドラマ制作) 10月:外部講師ワークショップ(予定) 11月:理大祭(アフレコ体験、ラジオドラマ発表) 12月:アニメアフレコ練習② 2月:感情表現ワークショップ 3月:年度末成果発表会
1108, 2108, 折り紙サークル「Origami Art」, 野田, 文化系, 伝統的な折り紙から複雑な創作折り紙、ユニット折り紙まで。作品展示、折り紙教室開催(ボランティア)。, 週1回 活動日(火曜放課後), 講義棟 K305, 20名（男子9名、女子11名）, 500円/年 (折り紙代補助), 折り紙が好き、手先を使うのが好きな人。一枚の紙から生まれる無限の可能性を楽しみませんか？初心者でも簡単なものから。教え合いながらステップアップ！, 一枚の紙から、広がる創造の世界。, 4月:新歓・簡単折り紙体験＆作品紹介 5月:ユニット折り紙(くす玉)挑戦 6月:動物・生き物折り紙特集 7月:前期作品発表＆展示会 8月:夏休み子供向け折り紙教室ボランティア 10月:複雑な創作折り紙に挑戦 11月:理大祭(作品展示、折り紙体験コーナー) 12月:クリスマスオーナメント折り紙 2月:オリジナル作品創作会 3月:大型作品共同制作
1109, 2109, けん玉同好会「Kendama Crew」, 野田, 運動系, けん玉の基本技から応用技、フリースタイルの練習。級・段位認定挑戦サポート。パフォーマンス練習。, 週1回 練習会(水曜昼休み or 放課後), コミュニケーション棟前広場、講義棟, 12名（男子10名、女子2名）, 0円 (けん玉は各自用意), けん玉やってみたい人、昔やってた人、集まれ！初心者歓迎。技が決まった時の達成感が最高！集中力も養えます。気軽に遊びに来てください！, 技を磨け！もっと自由に！, 4月:新歓・けん玉体験会＆ミニパフォーマンス 5月:基本技(大皿・小皿・とめけん等)練習 6月:級位認定技に挑戦 7月:もし亀(連続技)チャレンジ大会 8月:夏休みフリースタイル練習会 10月:段位認定技練習開始 11月:理大祭(パフォーマンス、体験会) 12月:年末けん玉大会(部内) 2月:けん玉PV撮影(希望者) 3月:技の教え合い＆交流会
1110, 2110, ダーツサークル「Triple Bulls」, 野田, 運動系, ソフトダーツの練習、対戦。フォーム研究、アレンジ(上がり計算)練習。ハウストーナメント企画。, 月2-3回 練習会(平日夜 or 週末), ダーツバー、ネットカフェ(ダーツ設置店), 25名（男子19名、女子6名）, ゲーム代実費 + 年会費1000円, ダーツに興味がある人、気軽に始められます！初心者歓迎。投げ方から教えます。仲間とワイワイ対戦するのも楽しい！集中力と計算力もUP？, 狙え、ブルズアイ！仲間と楽しく！, 4月:新歓ダーツ体験会 5月:初心者向けフォーム＆ルール講座 6月:カウントアップ大会 7月:ゼロワン(01)ゲーム練習会 8月:夏休みダーツ合宿(？) 9月:クリケット練習会 10月:ハウストーナメント企画① 11月:理大祭(紹介ブース) 12月:年末ハウストーナメント②＆忘年会 2月:ダブルス練習会 3月:年間レーティング発表会
1111, 2111, 書評サークル「Book Worms」, 野田, 文化系, 読んだ本(小説、新書、専門書問わず)について語り合う会。テーマ別読書会、ビブリオバトル開催。, 月1-2回 定例会(金曜夜), 講義棟、オンライン, 16名（男子9名、女子7名）, 0円, 本が好き！他の人の感想を聞きたい！面白い本に出会いたい！そんなあなたに。ジャンルは問いません。自分の言葉で本の魅力を伝え合う、知的な時間。, 一冊の本から、広がる対話。, 4月:新歓・自己紹介＆最近読んだ面白い本 5月:テーマ別書評会①(例:ミステリー) 6月:ビブリオバトル開催① 7月:新書・ノンフィクション特集 8月:夏休み課題図書(？)読書会 10月:テーマ別書評会②(例:海外文学) 11月:理大祭(おすすめ本紹介展示) 12月:ビブリオバトル開催② 2月:専門分野の本紹介会 3月:年間ベストブック発表会
1112, 2112, ミステリー研究会「ＱＥＤ」, 野田, 文化系, ミステリー小説(国内外、新旧問わず)の読書会、トリック考察、犯人当て、ミステリー映画鑑賞会。, 月1回 定例会(土曜午後), 講義棟、オンライン, 19名（男子12名、女子7名）, 0円, ミステリーが好きでたまらない人、集まれ！トリックや伏線を語り合いたい！好きな作家や作品について熱く議論しませんか？ネタバレ注意で楽しみましょう！, 謎解きは、読書の後で。, 4月:新歓・好きなミステリ作家/作品紹介 5月:古典ミステリ読書会(ポー、ドイル等) 6月:本格ミステリ・トリック考察会 7月:イヤミス/叙述トリック特集 8月:ミステリー映画鑑賞マラソン 10月:社会派ミステリ読書会 11月:理大祭(ミステリクイズ、おすすめ紹介) 12月:年末犯人当て大会 2月:海外ミステリ特集 3月:マイベストミステリ発表会
1113, 2113, 地域清掃ボランティア「クリーンウォーカーズ」, 野田, 文化系, 大学周辺や江戸川河川敷などの地域清掃活動。ポイ捨て問題に関する啓発活動も。, 月1回 清掃活動(土曜午前), 大学周辺地域、江戸川河川敷, 22名（男子13名、女子9名）, 0円, 自分たちの街をきれいにしたい！ちょっといいことしたい！そんな気軽な気持ちでOK。特別なスキル不要。朝活にもなります。活動後の達成感が気持ちいい！, 拾う心、広がるキレイ。, 毎月1回 地域清掃活動 / 4月:新歓清掃活動＆交流会 5月:ポイ捨て状況調査 6月:雨の日対策グッズ検討会(？) 7月:夏の早朝清掃 8月:熱中症対策勉強会 10月:秋の拡大清掃キャンペーン 11月:理大祭(活動紹介、啓発ポスター) 12月:年末大掃除スペシャル 2月:分別回収に関する勉強会 3月:年度活動報告
1114, 2114, キャンプ・アウトドアサークル「Nature Campers」, 野田, 運動系, キャンプ(テント泊)、デイキャンプ、焚き火、アウトドアギア研究。軽登山や釣りなど他のアクティビティも。, 月1回程度 キャンプorデイキャンプ(週末) + 不定期ミーティング, 関東近郊のキャンプ場、自然公園, 34名（男子22名、女子12名）, 年会費2000円 + キャンプ実費, キャンプが好き！自然の中で過ごしたい！焚き火を囲みたい！初心者歓迎。テント設営から火起こしまで、皆で協力します。ギアの貸出相談もOK！, 星空の下、最高の思い出を。, 4月:新歓デイキャンプBBQ＆テント設営体験 5月:春キャンプ(1泊) 6月:焚き火料理研究会 7月:川キャンプ＆釣り体験 8月:夏休みロングキャンプ(2泊以上) 9月:アウトドアギアメンテナンス講座 10月:秋キャンプ＆紅葉狩り 11月:理大祭(キャンプサイト再現展示？) 12月:冬キャンプ(防寒対策必須)＆鍋 2月:キャンプ道具DIY(検討) 3月:春のデイキャンプ＆お花見
1115, 2115, ディジタルアート・CG制作「Digital Canvas」, 野田, 文化系, 2Dイラスト、3DCG、映像編集、モーショングラフィックスなど、PCを使ったデジタルアート制作全般。, 週1回 もくもく会/情報交換会(水曜夜) + オンライン交流, 講義棟 PCルーム(ソフト利用可)、オンライン, 26名（男子18名、女子8名）, 1000円/年, PCで絵を描きたい！CG作ってみたい！動画編集したい！初心者歓迎。ソフトの使い方から教えます。デジタルならではの表現を追求しませんか？作品共有も。, ピクセルで描く、無限の創造。, 4月:新歓・作品紹介＆ソフト体験会 5月:2Dイラストソフト(Photoshop/Illustrator/ClipStudio)基礎 6月:3DCGソフト(Blender)入門 7月:前期作品発表会(オンラインギャラリー) 8月:夏休み集中制作＆技術交流会 10月:映像編集ソフト(Premiere/AfterEffects)基礎 11月:理大祭(作品展示、メイキング紹介) 12月:モーショングラフィックス挑戦 2月:VR/ARアート研究(？) 3月:合同プロジェクト作品発表会
1116, 2116, ボードゲームカフェ巡り同好会, 野田, 文化系, 都内や近郊のボードゲームカフェを巡り、様々なゲームをプレイする。お店の雰囲気やフードも楽しむ。, 月1-2回 (週末午後), 都内・近郊のボードゲームカフェ, 28名（男子15名、女子13名）, カフェ利用料実費のみ, ボドゲは好きだけど、自分で買うのは…カフェなら色々試せる！新しいゲームに出会いたい人、色々なカフェに行ってみたい人。一緒に遊びに行きませんか？, カフェで発見！新しいゲームと仲間。, 4月:新歓・初心者向けゲームのあるカフェへ 5月:戦略ゲーム充実のカフェ 6月:パーティーゲーム豊富なカフェ 7月:フードメニューが魅力のカフェ 8月:夏休み拡大版！複数カフェはしご(？) 10月:隠れ家的雰囲気のカフェ 11月:理大祭(おすすめボドゲカフェ紹介) 12月:年末ボドゲ納めカフェ会 2月:珍しいゲームがあるカフェ探索 3月:お気に入りカフェ再訪ツアー
1117, 2117, レザークラフト同好会「Leather Works」, 野田, 文化系, 革小物(キーケース、パスケース、財布など)のデザイン・製作。手縫い、刻印、染色などの技法学習。, 月2回 作業会(土曜午後), 部室棟 W110 (作業スペース、工具あり), 15名（男子9名、女子6名）, 3000円/年 (共有工具・革代補助) + 材料費各自, 革製品が好き！自分で作ってみたい！手芸好き、ものづくり好き歓迎。初心者でも基本から。使うほど味が出る革小物を、自分の手で生み出しませんか？, 革と糸で紡ぐ、自分だけの逸品。, 4月:新歓・キーホルダー/コースター製作体験 5月:革の種類・工具説明、手縫い基礎練習 6月:パスケース製作 7月:前期作品発表会 8月:夏休み自由製作期間 10月:刻印・スタンピング技法 11月:理大祭(作品展示・販売) 12月:染色技法入門 2月:ミニ財布/コインケース製作 3月:オリジナルデザイン作品展
1118, 2118, 天体写真クラブ「Astro Photo」, 野田, 文化系, 星空、月、惑星、星雲星団などの天体写真撮影。機材(カメラ、望遠鏡、赤道儀)の研究、画像処理技術学習。, 月1回 撮影会(新月期週末) + 月1回 勉強会/画像処理会, 近郊の暗い観測地、講義棟、オンライン, 13名（男子11名、女子2名）, 4000円/年 (遠征交通費補助、共有機材維持費), 星空を写真に残したい！天体写真に挑戦したい人！カメラ・望遠鏡の知識ゼロでもOK。機材の相談から撮影、画像処理までサポート。宇宙の美を写し撮ろう。, ファインダー越しの、遥かなる宇宙。, 4月:新歓・天体写真紹介＆機材説明会 5月:星景写真(星と風景)撮影会 6月:月面撮影＆画像処理(スタック)入門 7月:夏の天の川撮影会 8月:ペルセウス座流星群撮影チャレンジ 9月:画像処理ソフト(ステライメージ等)勉強会 10月:秋の星雲星団撮影会 11月:理大祭(天体写真展) 12月:冬のダイヤモンド撮影会 2月:惑星(木星・土星)撮影 3月:年間ベストショット発表会
1119, 2119, 謎解き脱出ゲーム同好会, 野田, 文化系, 市販の謎解きキットやオンライン脱出ゲームをプレイ。SCRAP等のリアル脱出ゲームへの参加(有志)。感想共有会。, 月1-2回 プレイ会(週末 or 平日夜), 講義棟、オンライン、リアル脱出ゲーム会場, 32名（男子18名、女子14名）, ゲーム参加費実費, 謎解き・脱出ゲームが好き！チームで協力して謎を解くのが楽しい！そんな人集まれ。初心者向けから高難易度まで色々挑戦。ひらめきの瞬間が快感！, 制限時間内に、真実へたどり着け！, 4月:新歓・初心者向け謎解きキット体験会 5月:オンライン脱出ゲーム大会 6月:リアル脱出ゲーム参加ツアー①(有志) 7月:持ち寄り謎解きキットプレイ会 8月:夏休み謎解き合宿(？持ち込み企画) 10月:高難易度謎解きチャレンジ 11月:理大祭(紹介ブース、ミニ謎) 12月:年末謎解き納め会 2月:リアル脱出ゲーム参加ツアー②(有志) 3月:年間プレイ記録＆感想共有会
1120, 2120, ラーメン二郎研究会, 野田, 文化系, ラーメン二郎(及びインスパイア系)の食べ歩き、コール研究、店舗ごとの特徴分析、情報交換。, 月1-2回 店舗訪問(不定期 平日夜 or 週末), 関東近郊のラーメン二郎及びインスパイア系店舗, 15名（男子全員）, ラーメン代実費のみ, 「ニンニク入れますか？」に答えたい者、集え！二郎の魅力に取り憑かれた者、これから知りたい者。ロットを乱さぬよう、共に高みを目指そう。, そこに二郎があるから。, 毎月 関東近郊の店舗を訪問・記録 / 4月:新歓・初心者向け店舗訪問＆コール講座 5月:インスパイア系巡り① 6月:麺・スープ・豚 研究会(という名の食べ比べ) 7月:夏バテ対策？ニンニク少なめ研究 8月:遠征企画(地方二郎？) 10月:インスパイア系巡り② 11月:理大祭(活動紹介？出店は無理か…) 12月:年末二郎納め 2月:非乳化/乳化スープ比較研究 3月:全マシチャレンジ(自己責任)
1121, 2121, 統計学勉強会「Stats Lab」, 野田, 文化系, 統計検定対策、R/Pythonを用いた統計解析の実践、統計モデリング、データ分析手法の学習。, 週1回 勉強会(木曜夜), 講義棟 K509、オンライン, 18名（男子14名、女子4名）, テキスト代実費のみ, 統計学をしっかり学びたい人、データ分析の基礎を固めたい人。文系理系問わず歓迎。統計検定取得目標の方もぜひ。数学苦手でも大丈夫(？)。, データの本質を見抜く眼を養う。, 4月:新歓・統計学の活用事例紹介 5月:記述統計・確率分布の復習 6月:統計検定3級・2級対策開始 7月:R/Pythonによる統計解析入門 8月:推定・検定の理論と実践 10月:回帰分析、分散分析 11月:統計検定受験(11月) / 多変量解析入門 12月:ベイズ統計学入門(希望者) 2月:機械学習と統計学の関係 3月:自由研究発表(統計分析事例)
1122, 2122, 競技かるたサークル「紅葉の会」(別系統), 野田, 文化系, 競技かるたの練習。初心者への指導、経験者のレベルアップ練習。大会参加を視野に。, 週2回 (火曜・金曜) 練習会, 研修センター和室, 25名（男子12名、女子13名）, 3000円/年, 初心者から経験者まで、かるたに真剣に取り組みたい人。基礎から応用まで段階的に練習します。集中力、記憶力、瞬発力を鍛えよう！目指せA級！, 一瞬の静寂、札を払う音。, 4月:新歓体験会＆基礎練習 5月:決まり字暗記特訓 6月:試合形式練習(源平戦など) 7月:前期部内ランク戦 8月:夏合宿(集中練習＆大会遠征) 9月:新人戦参加 10月:戦術研究会 11月:理大祭(体験会、模範試合) 12月:冬季大会参加(有志) 2月:他大学との交流練習試合 3月:春季大会参加
1123, 2123, 鉄道模型(HOゲージ)クラブ, 野田, 文化系, HOゲージ車両の製作・収集、レイアウト(ジオラマ)製作、運転会開催。, 月1-2回 作業会/運転会(週末), 部室棟 N206 (HOレイアウト設置), 10名（男子全員）, 8000円/年 (レイアウト維持費、車両購入補助), Nゲージより大きいHOゲージの迫力！車両工作やリアルなレイアウト作りを楽しみたい人。じっくり時間をかけて作り込むのが好きな方に。, 重厚感あふれる、鉄路の世界へ。, 4月:新歓・HOゲージ体験運転会 5月:車両キット製作開始(初心者向け) 6月:レイアウト・シーナリー製作① 7月:前期運転会＆車両お披露目 8月:夏休み集中工作期間 10月:レイアウト・シーナリー製作② 11月:理大祭(HOゲージ走行展示) 12月:年末夜景運転会 2月:ウェザリング(汚し塗装)講習 3月:年間活動報告＆走行会
1124, 2124, 哲学対話サークル「ソクラテスカフェ」, 野田, 文化系, 身近な疑問から普遍的な問いまで、テーマを設定し、参加者全員で対話する活動。特定の結論は目指さない。, 月1回 対話会(土曜午後), 講義棟ラウンジ、カフェ(場所借りて), 17名（男子10名、女子7名）, 場所代実費程度, 考えることが好き、話すことが好き、聞くことが好きな人。普段考えないようなことを、じっくり対話してみませんか？知識は不要、大切なのは問い続けること。, 答えのない問いを、共に探求する。, 毎月テーマを設定し対話会 / 4月:新歓・「大学で学ぶとは？」をテーマに対話 5月:「幸せ」について考える 6月:「正義」とは何か 7月:「自由」について 8月:夏休み特別編「人生の意味」 10月:「美しさ」について 11月:理大祭(公開対話セッション) 12月:「愛」とは何か 2月:「時間」について 3月:「自分らしさ」を探る
1125, 2125, 野田キャンパス・メディア制作部, 野田, 文化系, 学内イベントの記録撮影(写真・動画)、紹介動画制作、Webサイト運営、広報誌(Web/紙)発行。, 週1ミーティング + イベント時活動、制作随時, 部室棟 E206 (編集機材あり)、学内各所, 21名（男子14名、女子7名）, 1000円/年, 理科大野田キャンパスの「今」を伝えたい！写真、動画、Web、文章、デザインに興味がある人。企画から制作、発信まで。大学の魅力を一緒に届けよう！, キャンパスの鼓動を、記録し、発信する。, 4月:新歓撮影・取材活動＆説明会 5月:撮影・編集ソフト講習会 6月:学内イベント取材① 7月:広報誌/Webサイト企画会議 8月:夏休み特集コンテンツ制作 10月:学内イベント取材② 11月:理大祭密着取材＆速報発信 12月:年間活動報告動画制作 2月:新年度広報企画立案 3月:卒業関連コンテンツ制作
1126, 2126, インプロ(即興演劇)サークル「Ad Libitum」, 野田, 演技系, 台本なしで、その場の状況や設定に合わせて即興で演じるインプロゲームやシーン作りの練習。, 週1回 練習会(水曜放課後), トレーニング棟、講義棟, 14名（男子8名、女子6名）, 500円/年, アドリブ力を鍛えたい！表現力を豊かにしたい！コミュニケーション能力を高めたい！初心者歓迎。失敗OK！笑いながら、楽しみながら、創造力を解放しよう！, 瞬間のひらめきを、最高のエンタメに！, 4月:新歓・インプロゲーム体験会 5月:基礎練習(受容・応答・自発性) 6月:ショートフォーム(ゲーム形式)練習 7月:前期発表会(インプロショー) 8月:夏合宿(集中ワークショップ) 10月:ロングフォーム(ストーリー形式)挑戦 11月:理大祭(体験ワークショップ＆ミニショー) 12月:クリスマス即興劇 2月:他大学インプロサークル交流会 3月:年度末発表会
1127, 2127, ポケモンカードゲーム部「PokéCa Lab」, 野田, 文化系, ポケモンカードゲームの対戦、デッキ構築研究、最新カード情報交換、公認大会への参加。, 週1-2回 対戦/交流会(火曜・金曜放課後), 講義棟 K607、カードショップ(大会時), 30名（男子28名、女子2名）, 0円 (カードは各自), ポケカ好き集まれ！初心者にはティーチングから。環境デッキ研究、ファンデッキ構築、何でもOK！最新弾の情報交換も活発。一緒に最強デッキを目指そう！, デッキに込めろ、戦略と情熱！, 4月:新歓・初心者ティーチング＆フリー対戦 5月:デッキ構築相談会 6月:新弾バトル(部内) 7月:ジムバトル参加ツアー(有志) 8月:夏休みデッキ強化期間 9月:シティリーグ対策会議 10月:特殊レギュレーション対戦会 11月:理大祭(フリー対戦コーナー) 12月:年末大型大会観戦会(配信) 2月:ファンデッキ交流会 3月:CL(チャンピオンズリーグ)反省会
1128, 2128, ビー玉・ピタゴラ装置製作サークル, 野田, 文化系, ビー玉が転がるコースや、ピタゴラ装置のようなカラクリ装置の設計・製作。文化祭での大型作品展示目標。, 月2回 製作会(土曜午後), 工作スペース(部室棟 or 講義棟工作室), 16名（男子13名、女子3名）, 2000円/年 (材料費), ピタゴラ装置が好き！見ててワクワクする仕掛けを作りたい人！アイデアと工夫で、ビー玉の旅を作りませんか？試行錯誤が楽しい！物理法則も学べるかも？, 驚きと感動の連鎖反応を、創り出す。, 4月:新歓・ミニ装置展示＆製作体験 5月:コース設計・ギミック考案会 6月:基本部品製作(スロープ、カーブ等) 7月:前期ミニ作品発表会 8月:夏休み集中製作期間(大型装置へ) 10月:ギミック追加・調整 11月:理大祭(大型ピタゴラ装置展示) 12月:動画撮影＆編集 2月:新ギミック研究会 3月:次年度構想会議
1129, 2129, サウナ同好会「ととのい処」, 野田, 文化系, サウナ施設(銭湯、スーパー銭湯、専門施設)の開拓・訪問。サウナの入り方、効能研究、情報交換。, 月1-2回 サウナ活動(不定期 平日夜 or 週末), 関東近郊のサウナ施設, 20名（男子16名、女子4名）, 施設利用料実費のみ, サウナが好き！「ととのう」感覚を追求したい人！初心者歓迎。正しい入り方からマナーまで共有します。心と体をリフレッシュ！最高の水風呂を探して。, 汗と共に流れる、日々の疲れ。, 毎月1-2回 サウナ施設訪問＆報告会 / 4月:新歓・サウナ入門講座＆近隣銭湯サウナへ 5月:スーパー銭湯開拓① 6月:ロウリュ・アウフグース体験会 7月:サ飯(サウナ後の飯)研究会 8月:夏休み遠征サウナ(企画中) 10月:スーパー銭湯開拓② 11月:理大祭(おすすめサウナ紹介？) 12月:年末ととのい納め 2月:テントサウナ体験会(企画) 3月:ベストサウナ・オブ・ザ・イヤー(部内)
1130, 2130, 公共政策・社会問題研究会, 野田, 文化系, 現代社会が抱える課題(環境、教育、福祉、労働等)について学び、議論し、解決策を探る。文献調査、ディスカッション。, 月2回 勉強会/ディスカッション(水曜夜), 講義棟、オンライン, 15名（男子9名、女子6名）, 500円/年, 社会問題に関心がある人、政策に興味がある人。ニュースの背景を知りたい、自分なりの意見を持ちたい方へ。多様な視点から議論し、理解を深めます。, より良い社会のために、考え、議論する。, 4月:新歓・興味のある社会問題共有会 5月:テーマ設定①(例:環境問題)、文献調査開始 6月:ディスカッション① 7月:テーマ設定②(例:教育格差)、文献調査開始 8月:夏休み関連書籍輪読会 10月:ディスカッション② 11月:理大祭(研究発表、問題提起ポスター) 12月:ゲストスピーカー講演会(企画) 2月:テーマ設定③、ディスカッション③ 3月:年間活動報告＆次年度テーマ検討
1131, 2131, 野田地区理大祭実行委員会, 野田, 文化系, 野田地区理大祭(11月開催)の企画・運営全般。広報、渉外、会場設営、イベント企画、会計など。, 週1回の全体会(月曜) + 各部署ミーティング随時。開催直前期は多忙。, 講義棟、部室棟E208/E209、キャンパス全域, 120名（男子70名、女子50名）, 0円, 大学祭を「創る側」になってみませんか？企画力、交渉力、チームワーク…様々な力が身につきます。最高の学園祭を、私たちと一緒に作り上げよう！, 最高の瞬間を、企画する。, 4月:新歓活動、新メンバー募集 5月:組織体制決定、年間計画策定 6月-8月:企画立案・準備(協賛依頼、出演交渉、参加団体募集など) 9月-10月:広報活動本格化、各種手配、マニュアル作成 11月上旬-中旬:会場設営、リハーサル、理大祭本番！ 11月下旬:後片付け、反省会 12月-3月:次年度への引継ぎ、(新歓実行委員会と連携)
1132, 2132, アカペラサークル「Sound Sketch」(別系統), 野田, 音楽系, ポップス中心のアカペラ。少人数グループでの練習・発表。学内ライブ、地域の小さなイベント出演。, 週1回全体練習(交流メイン) + バンド毎に週1練習, 講義棟、音楽練習室, 40名（男子20名、女子20名）, 5000円/年, 歌うのが好きならOK！楽譜読めなくても大丈夫。先輩が優しく教えます。アットホームな雰囲気で、楽しくハモりたい人にぴったり！, 声と笑顔で、カラフルな音楽を。, 4月:新歓ミニライブ＆パート体験会 5月:新歓合宿(交流メイン) 7月:七夕ライブ 9月:バンド発表会 11月:理大祭ステージ(小規模) 12月:クリスマスライブ＆パーティー 2月:バレンタインライブ 3月:卒業生を送る会ライブ
1133, 2133, テコンドー同好会「Taegeuk Warriors」, 野田, 運動系, ITF/WTF流派問わずテコンドーの練習。基本動作、型(プムセ/トゥル)、組手(マッソギ/キョルギ)、護身術。, 週2回 (水曜・土曜), 森戸記念体育館 武道場, 15名（男子10名、女子5名）, 4000円/年, 華麗な足技を身につけたい人！礼儀作法を学びたい人！初心者・経験者問わず歓迎。体力に自信がなくても大丈夫。自分のペースで強くなろう！, 蹴り一つで、道を拓く。, 4月:新歓体験稽古＆ミット蹴り 5月:基本ステップ・蹴り技練習 6月:型 練習開始 7月:前期組手練習会 8月:夏合宿(合同稽古) 10月:護身術セミナー 11月:理大祭(演武披露) 12月:昇級審査(希望者) 2月:連続蹴り技練習 3月:年度末組手試合
1134, 2134, ジャズダンスサークル「Rhythm Mode」, 野田, 運動系, ジャズダンスの基礎(アイソレーション、ターン、ステップ)練習、振り付け練習。学内発表会、イベント出演。, 週2回 (火曜・金曜), トレーニング棟、外部スタジオ, 28名（女子20名、男子8名）, 8000円/年 + スタジオ代別途, 踊ることが好き！表現することが好き！ジャズダンスに挑戦しませんか？バレエやストリートダンス経験者も、未経験者も歓迎！しなやかでキレのある動きを。, 音に乗せて、心を解放する。, 4月:新歓体験レッスン＆ショーケース 5月:ジャズダンス基礎集中レッスン 7月:前期作品発表会 8月:夏合宿(振付・構成) 10月:外部イベント出演(検討) 11月:理大祭ステージ 12月:クリスマスショーケース 2月:シアタージャズに挑戦 3月:卒業公演
1135, 2135, 心理学勉強会「Mind Explorers」, 野田, 文化系, 臨床心理、社会心理、認知心理など、心理学の様々な分野の基礎知識学習、文献輪読、心理実験体験(簡易なもの)。, 月2回 勉強会/輪読会(木曜夜), 講義棟、オンライン, 22名（男子8名、女子14名）, 500円/年, 人の心に興味がある人！心理学を学びたい人！(心理学科でなくてもOK)。専門書を読むのは難しくても、皆で読めば理解が深まるかも。日常に活かせるヒントも。, 心の世界を探求する、知的な冒険。, 4月:新歓・心理学入門＆興味分野トーク 5月:心理学研究法基礎 6月:社会心理学テーマ輪読① 7月:認知心理学実験体験 8月:夏休み課題図書読書会 10月:臨床心理学テーマ輪読② 11月:理大祭(心理テストコーナー？) 12月:発達心理学勉強会 2月:パーソナリティ心理学 3月:年間学習テーマ発表会
1136, 2136, ビーガン・ベジタリアン料理研究会, 野田, 文化系, 植物性の食材のみを使った料理(ビーガン)や、乳製品・卵は使う料理(ベジタリアン)のレシピ研究・調理実習。, 月1回 調理実習(週末), 野田市内調理室のある公民館, 12名（男子4名、女子8名）, 毎回1500円程度の材料費実費, 健康志向、環境意識、アニマルウェルフェアに関心がある人。ビーガン・ベジタリアン料理に興味がある、レパートリーを増やしたい人。美味しくてヘルシーな食を探求！, 美味しく、優しく、健やかに。, 4月:新歓・簡単ビーガンおやつ作り 5月:大豆ミート活用レシピ 6月:野菜たっぷり主食メニュー 7月:夏のひんやりビーガンスイーツ 8月:世界のベジタリアン料理① 10月:秋野菜のビーガン料理 11月:理大祭(紹介・レシピ配布？) 12月:ビーガンクリスマスディナー 2月:世界のベジタリアン料理② 3月:手作りプラントベースミルク
1137, 2137, 古文書・くずし字読解サークル, 野田, 文化系, 江戸時代の古文書や和本に使われている「くずし字」の読み方を学ぶ。変体仮名、草書体の基礎練習、資料読解。, 週1回 勉強会(水曜放課後), 講義棟和室、図書館資料室, 10名（男子7名、女子3名）, 1000円/年 (資料コピー代など), 歴史が好きで、昔の人が書いた文字を読んでみたい人！くずし字はパズルのようで面白い！初心者歓迎。変体仮名辞典などを使いながら、少しずつ解読。, 時を超えた文字を、読み解く喜び。, 4月:新歓・くずし字紹介＆体験 5月:変体仮名 基礎練習① 6月:草書体 基礎練習① 7月:簡単な古文書読解チャレンジ 8月:夏休み集中読解練習 10月:変体仮名 基礎練習② 11月:理大祭(くずし字クイズ、資料展示) 12月:草書体 基礎練習② 2月:江戸時代の版本を読む 3月:読解成果発表会
1138, 2138, ヨーヨーサークル「Spin Gear」, 野田, 運動系, ヨーヨーの基本技(スリーパー、ウォークザドッグ等)から、ストリングトリック、ルーピングトリックの練習。, 週1回 練習会(木曜昼休み or 放課後), コミュニケーション棟前広場、講義棟, 13名（男子11名、女子2名）, 0円 (ヨーヨーは各自用意), ヨーヨーかっこいい！やってみたい！昔ハイパーヨーヨーやってた人！初心者歓迎。技が決まると爽快！色々な技をマスターしよう！, 糸と重力で、無限の技を繰り出す。, 4月:新歓・ヨーヨー体験会＆デモ 5月:基本技マスター講座 6月:ストリングトリック入門(1A) 7月:前期ミニ発表会 8月:夏休み集中練習期間 10月:ルーピングトリック入門(2A) 11月:理大祭(パフォーマンス、体験) 12月:フリースタイル練習会 2月:オフストリング(4A)/カウンターウェイト(5A)紹介 3月:技の教え合い・記録会
1139, 2139, Minecraftサークル「TUS Crafters」, 野田, 文化系, Minecraft(Java/統合版問わず)での建築、サバイバル、ミニゲーム、MOD導入・開発(有志)。サークルサーバー運営。, 週1回 オンライン集会 + サーバー常時開放, オンライン(Discord、サークルサーバー), 45名（男子40名、女子5名）, サーバー維持費カンパ(任意), マイクラ好きなら誰でも歓迎！建築勢、サバイバル勢、赤石先生、コマンド使い…一緒にマイクラの世界を創造し、冒険しよう！マルチプレイが楽しい！, ブロック一つから、無限の世界へ！, 4月:新歓・サーバー紹介＆体験プレイ 5月:共同建築プロジェクト開始① 6月:サバイバルワールド開拓 7月:ミニゲーム大会(アスレチック、PVP等) 8月:夏休み大型建築企画 10月:レッドストーン回路勉強会 11月:理大祭(サーバー紹介、建築展示) 12月:共同建築プロジェクト② 2月:MOD導入講習会(有志) 3月:ワールドデータ棚卸し＆記念撮影
1140, 2140, 投資・資産形成勉強会「マネーラボ」, 野田, 文化系, 株式投資、投資信託、NISA、iDeCoなど、資産形成に関する基礎知識の勉強会。経済ニュースの読み解き、情報交換。, 月2回 勉強会(水曜夜), 講義棟、オンライン, 25名（男子20名、女子5名）, 0円 (書籍代などは各自), お金の知識を身につけたい人、将来のために資産形成を考えたい人。ギャンブル的な投機ではなく、長期的な視点での勉強会です。初心者歓迎。まずは情報収集から。, 未来のための、賢いお金の知識。, 4月:新歓・お金の基本＆資産形成入門 5月:NISA・iDeCo制度解説 6月:株式投資の基礎(企業分析入門) 7月:投資信託の選び方 8月:経済ニュース・指標の読み方講座 10月:ポートフォリオ理論入門 11月:理大祭(活動紹介、マネー知識クイズ) 12月:年末相場振り返り＆来年予測(？) 2月:不動産投資(REIT)入門 3月:ライフプランとお金の計画
1141, 2141, シミュレーションゲーム研究会「Hex Grid」, 野田, 文化系, 歴史系・ファンタジー系の戦略シミュレーションゲーム(PC/ボード)のプレイ、研究。信長の野望、Civ、Europa Universalisなど。, 月1-2回 プレイ会(週末長時間), 講義棟、オンライン, 12名（男子全員）, ゲーム購入費は各自, 歴史や戦略が好きで、じっくり時間をかけてプレイするのが好きな人向け。複雑なシステムを理解し、最適戦略を考えるのが楽しい！マルチプレイも。, 仮想世界で、歴史を動かせ！, 4月:新歓・おすすめシミュレーションゲーム紹介 5月:『Civilization』シリーズ マルチプレイ会 6月:『信長の野望』シリーズ 研究会 7月:パラドゲー(EU4/CKなど)入門 8月:夏休み徹夜プレイ合宿(オンライン) 10月:ファンタジー系シミュレーション特集 11月:理大祭(ゲーム紹介展示) 12月:年末マルチプレイ大会 2月:ボードウォーゲーム体験会 3月:MOD導入・研究会
1142, 2142, 野田キャンパス周辺 美化・花植え活動, 野田, 文化系, 大学周辺の道路や公園の清掃、花壇への花植え・水やり活動。地域住民との交流。, 月1回 活動日(土曜午前), 大学周辺地域、地域の花壇, 18名（男子8名、女子10名）, 0円 (花苗代などは助成金・寄付), 自分たちの手で、キャンパス周辺をきれいで華やかにしたい人。地域貢献に関心がある人。体を動かすのが好きな人。お花好きも歓迎！, 街に彩りと、笑顔を咲かせよう。, 毎月1回 清掃・花植え活動 / 4月:新歓活動＆春の花植え 5月:除草・水やり活動 6月:地域清掃イベント協力 7月:夏の暑さ対策勉強会 8月:早朝清掃活動 10月:秋の花植え 11月:理大祭(活動紹介、地域連携PR) 12月:落ち葉清掃 2月:冬の花壇手入れ 3月:春に向けた土づくり
1143, 2143, ディジタルフォトフレーム・電子工作キット製作, 野田, 文化系, Raspberry PiやArduinoを使った電子工作キットの企画・製作。プログラミング(Python/C++)、回路設計。, 週1回 作業会(金曜放課後), 部室棟 W111 (電子工作スペース), 14名（男子12名、女子2名）, 4000円/年 (部品代、基板代), 電子工作とプログラミングで、何か面白いものを作りたい人！初心者歓迎。はんだ付けから丁寧に教えます。アイデアを形にする達成感を！, コードとハンダで、アイデアを動かす。, 4月:新歓・作品デモ＆はんだ付け体験 5月:Arduino/Raspberry Pi入門講座 6月:センサー・LED制御プログラミング 7月:前期試作品発表会 8月:夏休み集中開発期間 10月:ディジタルフォトフレーム製作開始 11月:理大祭(作品展示、製作実演) 12月:オリジナル電子工作キット企画 2月:Python/C++プログラミング応用 3月:完成作品発表会
1144, 2144, 日本酒・焼酎を楽しむ会 (※未成年飲酒厳禁), 野田, 文化系, 日本各地の日本酒や焼酎の銘柄研究、飲み比べ(成人者のみ)、酒蔵見学(企画)、お酒に合う肴の研究。, 月1回 定例会(成人者のみ試飲あり)(金曜夜), 講義棟(勉強会)、居酒屋(懇親会), 16名（男子13名、女子3名）, 試飲会・懇親会実費 + 見学交通費実費, 日本のお酒文化に興味がある人(※活動は20歳以上になってから)。様々な銘柄の味や香り、歴史を学びます。美味しい肴とのペアリングも探求。, 一献に込める、米と水の物語。 (※飲酒は20歳になってから！), 毎月 銘柄研究会・試飲会(成人者) / 4月:新歓・日本酒/焼酎の基礎知識講座 5月:地域別銘酒研究(東北) 6月:酒蔵見学ツアー①(近郊) 7月:夏酒特集 8月:焼酎(芋・麦・米)飲み比べ研究 10月:ひやおろし特集 11月:理大祭(お酒に関する知識展示 ※試飲なし) 12月:熱燗・お湯割りの美味しい作り方 2月:酒蔵見学ツアー② 3月:お花見と楽しむお酒研究
1145, 2145, 競技タイピングサークル「Type Masters」, 野田, 文化系, タイピング速度・正確性の向上練習。寿司打、e-typing、TypingTube等。タイピング大会参加(オンライン)。, 週1回 オンライン練習会 + 各自練習, オンライン(Discord、各種タイピングサイト), 18名（男子15名、女子3名）, 0円, タイピング速くなりたい人！正確に打てるようになりたい人！ゲーム感覚で楽しくスキルアップ。ショートカットキー活用術なども共有。, 指先で奏でる、高速の世界。, 4月:新歓・タイピング力測定＆練習法紹介 5月:ホームポジション徹底練習 6月:寿司打ハイスコアチャレンジ 7月:e-typing腕試し大会(部内) 8月:夏休み毎日タイピング強化月間 10月:TypingTube練習会(歌詞打ち) 11月:理大祭(タイピング体験コーナー) 12月:英語タイピング練習会 2月:オンラインタイピング大会参加(有志) 3月:年間成長率コンテスト
1146, 2146, 留学生サポート・バディプログラム, 野田, 文化系, 来日した留学生の生活サポート(役所手続き補助、買い物同行など)、日本語学習支援、日本文化紹介、交流イベント企画。, 随時サポート活動 + 月1交流会/ミーティング, キャンパス内、野田市内、オンライン, 30名（日本人学生20名、留学生10名）, 0円, 留学生と友達になりたい！日本の生活をサポートしたい！異文化交流に積極的に関わりたい人。語学力は問いません、大切なのはコミュニケーション！, 言葉と文化の壁を越えて、繋がる心。, 年間通して留学生の受入時期に合わせて活動 / 4月:新入留学生ウェルカム会＆生活オリエンテーション 5月:日本語会話パートナー開始 6月:日本文化体験企画①(例:茶道) 7月:七夕交流会 8月:夏休み小旅行企画 10月:ハロウィンパーティー 11月:理大祭(国際交流ブース協力) 12月:年末交流会・餅つき体験 2月:日本語学習発表会サポート 3月:フェアウェルパーティー
1147, 2147, 競技ドッジボールクラブ「Dodge Arrows」, 野田, 運動系, 競技ドッジボール(JDBAルール等)の練習。パス、キャッチ、アタック、フォーメーション練習。大会参加目標。, 週1回 練習日(日曜午前), 野田市内体育館 or グラウンド, 20名（男子15名、女子5名）, 4000円/年 (体育館代、ボール代), 本気のドッジボールやりたい人！小学生の頃とは違う、戦略的な面白さがあります。投げる、捕る、避ける！熱い攻防を繰り広げよう！経験不問！, 一球入魂！コートを駆け抜けろ！, 4月:新歓・体験ドッジボール 5月:基本技術(投げ方、捕り方)練習 6月:フォーメーション・戦術研究 7月:前期練習試合(紅白戦) 8月:夏合宿(集中練習) 10月:アタック強化練習 11月:理大祭(デモンストレーション？) 12月:地域大会参加(目標) 2月:ディフェンス強化練習 3月:年度末総当たり戦
1148, 2148, プラモデル(スケールモデル)専門クラブ, 野田, 文化系, 飛行機、艦船、戦車、自動車などのスケールモデル製作。考証に基づいた塗装、ディテールアップ、ジオラマ製作。, 週1回 作業会/情報交換会(金曜夜), 部室棟 W112 (作業スペース), 11名（男子全員）, 3500円/年 (共有工具・塗料代), リアルな模型を作りたい！歴史やメカが好き！そんなあなたに。細かい作業が好き、塗装にこだわりたい人向け。じっくり時間をかけて完成を目指そう。, 精密なディテールに、魂を宿す。, 4月:新歓・作品展示＆製作相談会 5月:飛行機モデル製作入門 6月:艦船モデル製作(ウォーターライン) 7月:前期作品発表会 8月:夏休み大作チャレンジ(ジオラマ等) 10月:AFV(戦車)モデル製作・ウェザリング講座 11月:理大祭(スケールモデル展示会) 12月:カーモデル製作(研ぎ出し塗装) 2月:資料収集・考証勉強会 3月:年間合同展示会
1149, 2149, アクアリウム(熱帯魚・水草)サークル, 野田, 文化系, 熱帯魚・淡水魚の飼育、水草レイアウト水槽の製作・管理。水質管理、繁殖、病気対策などの情報交換。, 月1回 定例会(情報交換) + 各自自宅で飼育/レイアウト, 講義棟(定例会)、オンライン, 12名（男子9名、女子3名）, 0円 (設備・生体は各自負担), 水槽で美しい水中世界を創りたい人！熱帯魚や水草が好き、癒やされたい人。飼育の悩み相談やレイアウトのコツなど、情報交換しませんか？, 水槽の中に、小さな自然を再現する。, 4月:新歓・アクアリウム紹介＆飼育相談会 5月:初心者向け水槽立ち上げ講座 6月:水草レイアウト勉強会 7月:夏場の水温対策・水質管理 8月:自慢のタンク紹介(写真・動画) 10月:熱帯魚の種類・飼育法研究 11月:理大祭(レイアウト水槽展示？) 12月:流木・石組レイアウト実践 2月:魚の繁殖・病気対策勉強会 3月:水草トリミング・株分け講習
1150, 2150, よさこいサークル「舞響」(別系統), 野田, 運動系, よさこい鳴子踊りの練習。鳴子の使い方、基本ステップ、振り付け練習。地域の祭りへの参加を目指す。, 週2回 (火曜・土曜), トレーニング棟、屋外広場, 35名（男子15名、女子20名）, 6000円/年 + 衣装・鳴子代別途, よさこい踊ってみたい！お祭り大好き！活気あふれる演舞で、見ている人も元気に！初心者歓迎。鳴子の音と威勢の良い掛け声で盛り上がろう！, 鳴子を鳴らして、心を一つに！, 4月:新歓演舞披露＆鳴子体験会 5月:基本ステップ・鳴子練習 6月:新曲振り入れ開始 7月:前期練習成果発表(学内) 8月:夏合宿(集中練習＆衣装合わせ) 10月:地域のお祭り参加(目標) 11月:理大祭ステージ演舞 12月:年末演舞納め＆交流会 2月:来年度演舞構想会議 3月:基礎体力・柔軟性向上トレーニング